,symbol,name
0,00001,长和
1,00002,中电控股
2,00003,香港中华煤气
3,00004,九龙仓集团
4,00005,汇丰控股
5,00006,电能实业
6,00007,香港金融集团
7,00008,电讯盈科
8,00009,金奥国际
9,00010,恒隆集团
10,00011,恒生银行
11,00012,恒基地产
12,00014,希慎兴业
13,00016,新鸿基地产
14,00017,新世界发展
15,00018,东方报业集团
16,00019,太古股份公司A
17,00021,大中华地产控股
18,00022,茂盛控股
19,00023,东亚银行
20,00024,宝威控股
21,00025,其士国际
22,00026,中华汽车
23,00027,银河娱乐
24,00028,天安
25,00029,达力集团
26,00030,万隆控股集团
27,00031,航天控股
28,00032,港通控股
29,00033,安山金控
30,00034,九龙建业
31,00035,远东发展
32,00036,远东控股国际
33,00037,远东酒店实业
34,00038,第一拖拉机股份
35,00039,中国北大荒
36,00040,金山工业
37,00041,鹰君
38,00042,东北电气
39,00043,卜蜂国际
40,00045,大酒店
41,00046,科联系统
42,00047,合兴集团
43,00048,中国汽车内饰
44,00050,香港小轮(集团)
45,00051,海港企业
46,00052,大快活集团
47,00053,国浩集团
48,00055,中星集团控股
49,00057,震雄集团
50,00058,新威国际
51,00059,天誉置业
52,00060,香港食品投资
53,00061,绿领控股
54,00062,载通
55,00063,中亚烯谷集团
56,00064,结好控股
57,00065,弘海高新资源
58,00066,港铁公司
59,00067,旭光高新材料
60,00068,利兴发展
61,00069,香格里拉(亚洲)
62,00070,金粤控股
63,00071,美丽华酒店
64,00072,现代传播
65,00073,亚洲果业
66,00075,渝太地产
67,00076,谊砾控股
68,00077,进智公共交通
69,00078,富豪酒店
70,00079,世纪建业
71,00080,中国新经济投资
72,00081,中国海外宏洋集团
73,00082,第一视频
74,00083,信和置业
75,00084,宝光实业
76,00085,中电华大科技
77,00086,新鸿基公司
78,00087,太古股份公司B
79,00088,大昌集团
80,00089,大生地产
81,00090,普星能量
82,00091,金禧国际控股
83,00092,冠军科技
84,00093,TERMBRAY IND
85,00094,绿心集团
86,00095,绿景中国地产
87,00096,友成控股
88,00097,恒基发展
89,00098,兴发铝业
90,00099,王氏国际
91,00100,白马户外媒体
92,00101,恒隆地产
93,00102,凯升控股
94,00103,首长宝佳
95,00104,冠亚商业
96,00105,凯联国际酒店
97,00106,朗诗地产
98,00107,四川成渝高速公路
99,00108,国锐地产
100,00109,天成国际
101,00110,中国长远
102,00111,信达国际控股
103,00112,勒泰集团
104,00113,迪生创建
105,00114,兴利集团
106,00115,钧濠集团
107,00116,周生生
108,00117,天利控股集团
109,00118,大同机械
110,00119,保利置业集团
111,00120,四海国际
112,00122,鳄鱼恤
113,00123,越秀地产
114,00124,粤海置地
115,00125,新兴光学
116,00126,佳宁娜
117,00127,华人置业
118,00128,安宁控股
119,00129,泛海集团
120,00130,慕诗国际
121,00131,卓能(集团)
122,00132,中国兴业控股
123,00133,招商局中国基金
124,00135,昆仑能源
125,00136,恒腾网络
126,00137,金辉集团
127,00138,中建富通
128,00139,中达集团控股
129,00141,天禧海嘉控股
130,00142,第一太平
131,00143,国安国际
132,00144,招商局港口
133,00145,信能低碳
134,00146,TAI PING CARPET
135,00147,国际商业结算
136,00148,建滔集团
137,00149,中国农产品交易
138,00150,HYPEBEAST
139,00151,中国旺旺
140,00152,深圳国际
141,00153,中国赛特
142,00154,北京控股环境集团
143,00155,中国源畅
144,00156,力宝华润
145,00157,自然美
146,00158,万邦投资
147,00159,布莱克万矿业
148,00160,汉国置业
149,00162,世纪金花
150,00163,英皇国际
151,00164,中国宝力科技
152,00165,中国光大控股
153,00166,新时代能源
154,00167,万威国际
155,00168,青岛啤酒股份
156,00169,万达酒店发展
157,00171,银建国际
158,00172,金榜集团
159,00173,嘉华国际
160,00174,盛洋投资
161,00175,吉利汽车
162,00176,先机企业集团
163,00177,江苏宁沪高速公路
164,00178,莎莎国际
165,00179,德昌电机控股
166,00180,开达集团
167,00181,闽港控股
168,00182,协合新能源
169,00183,宏辉集团
170,00184,激成投资
171,00185,正商实业
172,00186,敏捷控股
173,00187,京城机电股份
174,00188,新华汇富金融
175,00189,东岳集团
176,00190,香港建设(控股)
177,00191,丽新国际
178,00193,冠中地产
179,00194,廖创兴企业
180,00195,绿科科技国际
181,00196,宏华集团
182,00197,亨泰
183,00199,德祥地产
184,00200,新濠国际发展
185,00201,华大酒店
186,00202,润中国际控股
187,00204,中国投资开发
188,00205,财讯传媒
189,00206,华商国际海洋控股
190,00207,大悦城地产
191,00208,保利达资产
192,00209,瀛晟科学
193,00210,达芙妮国际
194,00211,STYLAND HOLD
195,00212,南洋集团
196,00213,乐声电子
197,00214,汇汉控股
198,00215,和记电讯香港
199,00216,建业实业
200,00217,中国诚通发展集团
201,00218,申万宏源香港
202,00219,顺豪物业
203,00220,统一企业中国
204,00222,闽信集团
205,00223,易生活控股
206,00224,建生国际
207,00225,博富临置业
208,00226,力宝
209,00227,第一上海
210,00228,中能控股
211,00229,利民实业
212,00230,五矿地产
213,00231,平安证券集团控股
214,00232,中国航空工业国际
215,00234,新世纪集团
216,00235,中策集团
217,00236,香港生力啤
218,00237,安全货仓
219,00238,长兴国际
220,00239,白花油
221,00240,利基控股
222,00241,阿里健康
223,00242,信德集团
224,00243,品质国际
225,00244,先施
226,00245,中薇金融
227,00247,尖沙咀置业
228,00248,香港通讯国际控股
229,00250,中国数码信息
230,00251,爪哇控股
231,00252,华信地产财务
232,00253,顺豪控股
233,00254,国家联合资源
234,00255,龙记集团
235,00256,冠城钟表珠宝
236,00257,光大环境
237,00258,汤臣集团
238,00259,亿都(国际控股)
239,00260,幸福控股
240,00261,GBA集团
241,00262,迪臣发展国际
242,00263,高富集团控股
243,00264,中联发展控股
244,00265,东胜旅游
245,00266,天德地产
246,00267,中信股份
247,00268,金蝶国际
248,00269,中国资源交通
249,00270,粤海投资
250,00271,亚证地产
251,00272,瑞安房地产
252,00273,茂宸集团
253,00274,中富资源
254,00276,蒙古能源
255,00277,太兴置业
256,00278,华厦置业
257,00279,民众金融科技
258,00280,景福集团
259,00281,川河集团
260,00282,壹传媒
261,00285,比亚迪电子
262,00286,爱帝宫
263,00287,永发置业
264,00288,万洲国际
265,00289,永安国际
266,00290,中国富强金融
267,00291,华润啤酒
268,00292,泛海酒店
269,00293,国泰航空
270,00294,长江制衣
271,00295,江山控股
272,00296,英皇娱乐酒店
273,00297,中化化肥
274,00298,庄士中国
275,00299,宝新置地
276,00301,三和精化
277,00302,中手游
278,00303,伟易达集团
279,00305,五菱汽车
280,00306,冠忠巴士集团
281,00307,优派能源发展
282,00308,香港中旅
283,00309,新华通讯频媒
284,00310,嘉进投资国际
285,00311,联泰控股
286,00312,岁宝百货
287,00313,裕田中国
288,00315,数码通电讯
289,00316,东方海外国际
290,00317,中船防务
291,00318,黄河实业
292,00320,金宝通
293,00321,德永佳集团
294,00322,康师傅控股
295,00323,马鞍山钢铁股份
296,00326,中国星集团
297,00327,百富环球
298,00328,ALCO HOLDINGS
299,00329,东建国际
300,00330,思捷环球
301,00331,丰盛服务集团
302,00332,元亨燃气
303,00333,黛丽斯国际
304,00334,华显光电
305,00335,美建集团
306,00336,华宝国际
307,00337,绿地香港
308,00338,上海石油化工股份
309,00339,核心经济投资
310,00340,潼关黄金
311,00341,大家乐集团
312,00342,新海能源
313,00343,文化传信
314,00345,维他奶国际
315,00346,延长石油国际
316,00347,鞍钢股份
317,00348,中国智能健康
318,00351,亚洲能源物流
319,00352,富阳
320,00353,能源国际投资
321,00354,中国软件国际
322,00355,世纪城市国际
323,00356,鼎立资本
324,00357,美兰空港
325,00358,江西铜业股份
326,00359,海升果汁
327,00360,新焦点
328,00361,顺龙控股
329,00362,信阳毛尖
330,00363,上海实业控股
331,00364,区块链集团
332,00365,芯成科技
333,00366,陆氏集团(越南)
334,00367,庄士机构国际
335,00368,德合集团
336,00369,永泰地产
337,00370,国华
338,00371,北控水务集团
339,00372,保德国际发展
340,00373,联合集团
341,00374,四洲集团
342,00375,YGM TRADING
343,00376,云锋金融
344,00377,中国华君
345,00378,五龙动力
346,00379,恒嘉融资租赁
347,00380,冠力国际
348,00381,侨雄国际
349,00382,中汇集团
350,00383,中国医疗网络
351,00384,中国燃气
352,00385,建联集团
353,00386,中国石油化工股份
354,00387,力丰(集团)
355,00388,香港交易所
356,00389,通天酒业
357,00390,中国中铁
358,00391,美亚娱乐资讯
359,00392,北京控股
360,00393,旭日企业
361,00395,环球智能控股
362,00396,兴利(香港)控股
363,00397,权威金融
364,00398,东方表行集团
365,00399,领航医药生物科技
366,00400,科通芯城
367,00401,万嘉集团
368,00403,星光集团
369,00406,有利集团
370,00408,叶氏化工集团
371,00410,SOHO中国
372,00411,南顺(香港)
373,00412,山高金融
374,00413,南华集团控股
375,00416,锦州银行
376,00417,谢瑞麟
377,00418,方正控股
378,00419,华谊腾讯娱乐
379,00420,福田实业
380,00422,越南制造加工出口
381,00423,经济日报集团
382,00425,敏实集团
383,00426,万华媒体
384,00428,中国天弓控股
385,00430,东方兴业控股
386,00431,大中华金融
387,00432,盈大地产
388,00433,北方矿业
389,00434,博雅互动
390,00436,新宇环保
391,00438,彩虹新能源(新)
392,00439,光启科学
393,00440,大新金融
394,00442,海福德集团
395,00444,SINCEREWATCH HK
396,00449,志高控股
397,00450,鸿兴印刷集团
398,00451,协鑫新能源
399,00455,天大药业
400,00456,新城市建设发展
401,00458,联亚集团
402,00459,美联工商铺
403,00460,四环医药
404,00462,天然乳品
405,00464,中国海外诺信
406,00465,富通科技
407,00467,联合能源集团
408,00468,纷美包装
409,00471,中播控股
410,00472,新丝路文旅
411,00474,信铭生命科技
412,00475,中发展控股
413,00476,中国动力控股
414,00479,华建控股
415,00480,香港兴业国际
416,00482,圣马丁国际
417,00483,包浩斯国际
418,00484,云游控股
419,00485,中国华星
420,00486,俄铝
421,00487,实德环球
422,00488,丽新发展
423,00489,东风集团股份
424,00491,英皇文化产业
425,00493,国美零售
426,00495,PALADIN
427,00496,卡森国际
428,00497,资本策略地产
429,00498,保华集团
430,00499,青岛控股
431,00500,先丰服务集团
432,00503,朗生医药
433,00505,兴业合金
434,00506,中国食品
435,00508,鼎亿集团投资
436,00509,世纪阳光
437,00510,时富金融服务集团
438,00511,电视广播
439,00512,远大医药
440,00513,恒和集团
441,00515,中华银科技
442,00517,中远海运国际
443,00518,同得仕(集团)
444,00519,实力建业
445,00520,呷哺呷哺
446,00521,海航实业股份
447,00522,ASM PACIFIC
448,00524,长城一带一路
449,00525,广深铁路股份
450,00526,中国汽车新零售
451,00527,瑞风新能源
452,00528,金达控股
453,00529,新龙国际集团
454,00530,高银金融
455,00531,顺诚
456,00532,王氏港建国际(集团)
457,00533,金利来集团
458,00535,金地商置
459,00536,贸易通
460,00538,味千(中国)
461,00539,冠华国际控股
462,00540,迅捷环球控股
463,00542,富元国际集团
464,00543,太平洋网络
465,00544,大同集团
466,00546,阜丰集团
467,00547,数字王国
468,00548,深圳高速公路股份
469,00550,KK文化
470,00551,裕元集团
471,00552,中国通信服务
472,00553,南京熊猫电子股份
473,00554,汉思能源
474,00555,御泰中彩控股
475,00556,泛亚环保
476,00557,天元医疗
477,00558,力劲科技
478,00559,德泰新能源集团
479,00560,珠江船务
480,00563,上实城市开发
481,00564,郑煤机
482,00565,锦艺集团控股
483,00567,大昌微线集团
484,00568,山东墨龙
485,00570,中国中药
486,00571,丰德丽控股
487,00572,未来世界控股
488,00573,稻香控股
489,00574,百信国际
490,00575,励晶太平洋
491,00576,浙江沪杭甬
492,00577,南岸集团
493,00578,融信资源
494,00579,京能清洁能源
495,00580,赛晶科技
496,00581,中国东方集团
497,00582,蓝鼎国际
498,00583,长城环亚控股
499,00585,意马国际
500,00586,海螺创业
501,00588,北京北辰实业股份
502,00589,建中建设
503,00590,六福集团
504,00591,中国高精密
505,00592,堡狮龙国际
506,00593,梦东方
507,00595,先思行集团
508,00596,浪潮国际
509,00598,中国外运
510,00599,怡邦行控股
511,00600,中国基建投资
512,00601,稀镁科技
513,00602,佳华百货控股
514,00603,中油燃气
515,00604,深圳控股
516,00605,中国金融投资管理
517,00607,丰盛控股
518,00608,达利国际
519,00609,天德化工
520,00610,WAI KEE HOLD
521,00611,中国核能科技
522,00612,中国鼎益丰
523,00613,渝港国际
524,00616,高山企业
525,00617,百利保控股
526,00618,北大资源
527,00619,南华金融
528,00620,大唐西市
529,00621,坛金矿业
530,00622,威华达控股
531,00623,中视金桥
532,00626,大众金融控股
533,00627,福晟国际
534,00628,国美金融科技
535,00629,悦达国际控股
536,00630,隽泰控股
537,00631,三一国际
538,00632,中港石油
539,00633,中国全通
540,00635,彩星集团
541,00636,嘉里物流
542,00637,利记
543,00638,建溢集团
544,00639,首钢资源
545,00640,星谦发展
546,00641,中国恒天立信国际
547,00643,恒富控股
548,00645,安域亚洲
549,00646,中国环保科技
550,00648,中国华仁医疗-新
551,00650,IDG能源投资
552,00651,中海重工
553,00653,卓悦控股
554,00655,香港华人有限公司
555,00656,复星国际
556,00657,环科国际
557,00658,中国高速传动
558,00659,新创建集团
559,00660,玮俊生物科技
560,00661,中国大冶有色金属
561,00662,亚洲金融
562,00663,金山能源
563,00665,海通国际
564,00667,中国东方教育
565,00668,东银国际控股
566,00669,创科实业
567,00670,中国东方航空股份
568,00672,众安集团
569,00673,中国卫生集团
570,00674,中国唐商
571,00675,坚宝国际
572,00676,创信国际
573,00677,金源米业
574,00678,云顶香港
575,00679,亚洲联网科技
576,00680,南海控股
577,00681,中民控股
578,00682,超大现代
579,00683,嘉里建设
580,00684,亚伦国际
581,00685,世界华文媒体
582,00686,北京能源国际
583,00687,泰升集团
584,00688,中国海外发展
585,00689,长盈集团(控股)
586,00690,联康生物科技集团
587,00691,山水水泥
588,00693,陈唱国际
589,00694,北京首都机场股份
590,00695,东吴水泥
591,00696,中国民航信息网络
592,00697,首长国际
593,00698,通达集团
594,00699,神州租车
595,00700,腾讯控股
596,00701,CNT GROUP
597,00702,中国油气控股
598,00703,佳景集团
599,00704,和嘉控股
600,00706,美丽中国控股
601,00707,亚洲电视控股
602,00708,恒大汽车
603,00709,佐丹奴国际
604,00710,京东方精电
605,00711,亚洲联合基建控股
606,00712,卡姆丹克太阳能
607,00713,世界(集团)
608,00715,中泛控股
609,00716,胜狮货柜
610,00717,英皇证券
611,00718,太和控股
612,00719,山东新华制药股份
613,00720,意达利控股
614,00721,中国金融国际
615,00722,联合医务
616,00723,信保环球控股
617,00724,瑞鑫国际集团
618,00725,恒都集团
619,00726,筑友智造科技
620,00727,皇冠环球集团
621,00728,中国电信
622,00729,五龙电动车
623,00730,SHOUGANG GRAND
624,00731,森信纸业集团
625,00732,信利国际
626,00733,合富辉煌
627,00736,中国置业投资
628,00737,湾区发展
629,00738,莱尔斯丹
630,00743,亚洲水泥(中国)
631,00745,中国国家文化产业
632,00746,理文化工
633,00747,沈阳公用发展股份
634,00750,水发兴业能源
635,00751,创维集团
636,00752,PICO FAR EAST
637,00753,中国国航
638,00754,合生创展集团
639,00755,上海证大
640,00756,森美控股
641,00757,阳光能源
642,00758,庄胜百货
643,00759,CEC INT'L HOLD
644,00760,新天地产集团
645,00762,中国联通
646,00763,中兴通讯
647,00764,永恒策略
648,00765,PERFECTECH INTL
649,00766,中盈集团控股
650,00767,中基长寿科学
651,00768,开明投资
652,00769,中国稀土
653,00770,沪光国际上海发展
654,00771,自动系统
655,00772,阅文集团
656,00775,长江生命科技
657,00776,帝国集团环球控股
658,00777,网龙
659,00780,同程艺龙
660,00784,凌锐控股
661,00787,利标品牌
662,00788,中国铁塔
663,00789,雅天妮集团
664,00794,锦胜集团(控股)
665,00797,第七大道
666,00798,中电光谷
667,00799,IGG
668,00800,A8新媒体
669,00802,中国钱包
670,00803,昌兴国际
671,00804,鼎石资本
672,00806,惠理集团
673,00807,上海实业环境
674,00809,大成生化科技
675,00810,中国互联网投资
676,00811,新华文轩
677,00812,西证国际证券
678,00813,世茂集团
679,00814,北京京客隆
680,00815,中国白银集团
681,00817,中国金茂
682,00818,高阳科技
683,00819,天能动力
684,00821,汇盈控股
685,00822,嘉瑞国际
686,00825,新世界百货中国
687,00826,天工国际
688,00827,玖源集团
689,00828,王朝酒业
690,00829,神冠控股
691,00830,中国建筑兴业
692,00831,利亚零售
693,00832,建业地产
694,00833,华讯
695,00834,康大食品
696,00836,华润电力
697,00837,谭木匠
698,00838,亿和控股
699,00839,中教控股
700,00840,天业节水
701,00841,木薯资源
702,00842,理士国际
703,00844,广泰国际控股
704,00845,恒盛地产
705,00846,明发集团
706,00848,茂业国际
707,00850,久康国际
708,00851,盛源控股
709,00852,海峡石油化工
710,00853,微创医疗
711,00854,威雅利
712,00855,中国水务
713,00856,伟仕佳杰
714,00857,中国石油股份
715,00858,精优药业
716,00859,中昌国际控股
717,00860,力世纪
718,00861,神州控股
719,00862,远见控股
720,00863,BC科技集团
721,00864,永利地产发展
722,00865,建德国际控股
723,00866,中国秦发
724,00867,康哲药业
725,00868,信义玻璃
726,00869,彩星玩具
727,00871,中国疏浚环保
728,00872,启迪国际
729,00873,世茂服务
730,00874,白云山
731,00875,中国金控
732,00876,佳兆业健康
733,00878,金朝阳集团
734,00880,澳博控股
735,00881,中升控股
736,00882,天津发展
737,00883,中国海洋石油
738,00884,旭辉控股集团
739,00885,仁天科技控股
740,00886,银基集团
741,00887,英皇钟表珠宝
742,00888,贝森金融
743,00889,连达科技控股
744,00891,利邦
745,00893,中国铁钛
746,00894,万裕科技
747,00895,东江环保
748,00896,兴胜创建
749,00897,位元堂
750,00898,万事昌国际
751,00899,亚洲资源
752,00900,Aeon信贷
753,00901,金石投资集团
754,00902,华能国际电力股份
755,00904,中绿
756,00905,环球大通投资
757,00906,中粮包装
758,00907,高雅光学
759,00908,珠海控股投资
760,00909,明源云
761,00910,中国三迪
762,00911,前海健康
763,00912,信佳国际
764,00913,合一投资
765,00914,海螺水泥
766,00915,道和环球
767,00916,龙源电力
768,00918,国能国际资产
769,00919,现代健康科技
770,00921,海信家电
771,00922,安贤园中国
772,00923,综合环保集团
773,00924,坤集团
774,00925,北京建设
775,00926,碧生源
776,00927,富士高实业
777,00928,莲和医疗
778,00929,国际精密
779,00931,中国天然气
780,00932,顺腾国际控股
781,00934,中石化冠德
782,00935,龙翔集团
783,00936,鹏程亚洲
784,00938,民生国际
785,00939,建设银行
786,00941,中国移动
787,00943,中证国际
788,00945,宏利金融-S
789,00947,摩比发展
790,00948,阿尔法企业
791,00950,李氏大药厂
792,00951,超威动力
793,00952,中国通海金融
794,00953,邵氏兄弟控股
795,00954,常茂生物
796,00956,新天绿色能源
797,00959,世纪娱乐国际
798,00960,龙湖集团
799,00966,中国太平
800,00967,桑德国际
801,00968,信义光能
802,00969,华联国际
803,00970,耀莱集团
804,00973,L'OCCITANE
805,00974,中国顺客隆
806,00975,MONGOL MINING
807,00976,齐合环保
808,00978,招商局置地
809,00979,绿色能源科技集团
810,00980,联华超市
811,00981,中芯国际
812,00982,华发物业服务
813,00983,瑞安建业
814,00984,永旺
815,00985,中誉集团
816,00986,中国环保能源
817,00987,中国再生能源投资
818,00988,丝路物流控股
819,00989,华音国际控股
820,00990,荣晖国际
821,00991,大唐发电
822,00992,联想集团
823,00993,华融金控
824,00994,中天顺联
825,00995,安徽皖通高速公路
826,00996,嘉年华国际
827,00997,普汇中金国际
828,00998,中信银行
829,00999,I.T
830,01000,北青传媒
831,01001,沪港联合
832,01002,威铖国际
833,01003,欢喜传媒
834,01004,中国智慧能源
835,01005,MATRIX HOLDINGS
836,01007,龙辉国际控股
837,01008,贵联控股
838,01009,国际娱乐
839,01010,太睿国际控股
840,01011,泰凌医药
841,01013,伟俊集团控股
842,01019,康宏环球
843,01020,赛伯乐国际控股
844,01022,飞鱼科技
845,01023,时代集团控股
846,01024,快手-W
847,01025,嘉艺控股
848,01026,环球实业科技
849,01027,中国集成控股
850,01028,千百度
851,01029,铁货
852,01030,新城发展
853,01031,金利丰金融
854,01033,中石化油服
855,01034,富汇国际集团控股
856,01036,万科海外
857,01037,云智汇科技
858,01038,长江基建集团
859,01039,畅由联盟
860,01041,林达控股
861,01043,光宇国际集团科技
862,01044,恒安国际
863,01045,亚太卫星
864,01046,寰宇娱乐文化
865,01047,毅兴行
866,01049,时富投资
867,01050,嘉利国际
868,01051,国际资源
869,01052,越秀交通基建
870,01053,重庆钢铁股份
871,01055,中国南方航空股份
872,01057,浙江世宝
873,01058,粤海制革
874,01059,看通集团
875,01060,阿里影业
876,01061,亿胜生物科技
877,01062,国开国际投资
878,01063,新确科技
879,01064,中华国际
880,01065,天津创业环保股份
881,01066,威高股份
882,01068,雨润食品
883,01069,宝沙发展
884,01070,TCL电子
885,01071,华电国际电力股份
886,01072,东方电气
887,01073,大禹金融
888,01075,首都信息
889,01076,博华太平洋
890,01079,松景科技
891,01080,胜利管道
892,01082,香港教育国际
893,01083,港华燃气
894,01084,绿新亲水胶体
895,01085,亨鑫科技
896,01086,好孩子国际
897,01087,威讯控股
898,01088,中国神华
899,01090,大明国际
900,01091,南方锰业
901,01093,石药集团
902,01094,中国公共采购
903,01096,中能国际控股
904,01097,有线宽频
905,01098,路劲
906,01099,国药控股
907,01100,飞达控股
908,01101,华荣能源
909,01102,环能国际
910,01103,大生农业金融
911,01104,亚太资源
912,01105,星岛
913,01106,铭霖控股
914,01107,当代置业
915,01108,洛阳玻璃股份
916,01109,华润置地
917,01110,金活医药集团
918,01111,创兴银行
919,01112,H&H国际控股
920,01113,长实集团
921,01114,华晨中国
922,01115,西藏水资源
923,01116,MAYER HOLDINGS
924,01117,现代牧业
925,01118,高力集团
926,01119,创梦天地
927,01120,雅视光学
928,01121,宝峰时尚
929,01122,庆铃汽车股份
930,01123,中港照相
931,01124,沿海家园
932,01125,丽丰控股
933,01126,德林国际
934,01127,狮子山集团
935,01128,永利澳门
936,01129,中国水业集团
937,01130,中国环境资源
938,01131,鸿宝资源
939,01132,橙天嘉禾
940,01133,哈尔滨电气
941,01134,恒发光学
942,01137,香港电视
943,01138,中远海能
944,01139,华多利集团
945,01140,华科资本
946,01141,民银资本
947,01142,西伯利亚矿业
948,01143,环亚国际医疗集团
949,01145,勇利投资
950,01146,中国服饰控股
951,01147,伊登软件
952,01148,新晨动力
953,01150,米兰站
954,01152,正乾金融控股
955,01153,佳源服务
956,01156,CHINANEWENERGY
957,01157,中联重科
958,01158,开元酒店
959,01159,星光文化
960,01160,优创金融
961,01161,奥思集团
962,01162,莹岚集团
963,01163,虎视传媒
964,01164,中广核矿业
965,01165,顺风清洁能源
966,01166,星凯控股
967,01167,加科思-B
968,01168,百仕达控股
969,01170,信星集团
970,01171,兖州煤业股份
971,01172,融太集团
972,01173,威高国际
973,01175,鲜驰达控股
974,01176,珠光控股
975,01177,中国生物制药
976,01178,汇银控股集团
977,01179,华住集团-S
978,01180,汇彩控股
979,01181,唐宫中国
980,01182,胜龙国际
981,01183,澳能建设
982,01184,S.A.S. DRAGON
983,01185,中国航天万源
984,01186,中国铁建
985,01188,正道集团
986,01189,大湾区聚变力量
987,01191,中国中石控股
988,01192,泰山石化
989,01193,华润燃气
990,01194,湾区黄金
991,01195,京维集团
992,01196,伟禄集团
993,01198,皇朝家居
994,01199,中远海运港口
995,01200,美联集团
996,01201,天臣控股
997,01202,成都普天电缆股份
998,01203,广南(集团)
999,01205,中信资源
1000,01206,同方泰德
1001,01207,上置集团
1002,01208,五矿资源
1003,01209,华润万象生活
1004,01210,克莉丝汀
1005,01211,比亚迪股份
1006,01212,利福国际
1007,01213,万保刚集团
1008,01215,开源控股
1009,01216,中原银行
1010,01217,中国创新投资
1011,01218,永义国际
1012,01220,志道国际
1013,01221,信和酒店
1014,01222,WANG ON GROUP
1015,01223,新沣集团
1016,01224,中渝置地
1017,01225,隆成金融
1018,01226,中国投融资
1019,01227,国盛投资
1020,01229,南南资源
1021,01230,雅士利国际
1022,01231,新矿资源
1023,01232,金轮天地控股
1024,01233,时代中国控股
1025,01234,中国利郎
1026,01235,专业旅运
1027,01237,中科生物
1028,01238,宝龙地产
1029,01239,金宝宝控股
1030,01240,青建国际
1031,01241,双桦控股
1032,01243,宏安地产
1033,01245,NIRAKU
1034,01246,保集健康
1035,01247,米格国际控股
1036,01250,北控清洁能源集团
1037,01251,华油能源
1038,01252,中国天瑞水泥
1039,01253,中国绿地博大绿泽
1040,01255,TATA健康
1041,01257,中国光大绿色环保
1042,01258,中国有色矿业
1043,01259,未来发展控股
1044,01260,皓天财经集团
1045,01262,蜡笔小新食品
1046,01263,柏能集团
1047,01265,天津津燃公用
1048,01266,西王特钢
1049,01268,美东汽车
1050,01269,首控集团
1051,01270,朗廷-SS
1052,01271,佳明集团控股
1053,01272,大唐环境
1054,01273,香港信贷
1055,01277,力量能源
1056,01278,中国新城镇
1057,01280,奇点国际
1058,01281,隆基泰和智慧能源
1059,01282,宝新金融
1060,01283,高升集团控股
1061,01285,嘉士利集团
1062,01286,鹰普精密
1063,01288,农业银行
1064,01289,盛力达科技
1065,01290,中国汇融
1066,01292,长安民生物流
1067,01293,广汇宝信
1068,01296,国电科环
1069,01297,中国擎天软件
1070,01298,云能国际
1071,01299,友邦保险
1072,01300,俊知集团
1073,01301,德基科技控股
1074,01302,先健科技
1075,01303,汇力资源
1076,01305,伟志控股
1077,01308,海丰国际
1078,01310,香港宽频
1079,01312,同方康泰
1080,01313,华润水泥控股
1081,01314,翠华控股
1082,01315,允升国际
1083,01316,耐世特
1084,01317,枫叶教育
1085,01319,霭华押业信贷
1086,01321,中国新城市
1087,01323,友川集团
1088,01326,传递娱乐
1089,01327,励时集团
1090,01328,金涌投资
1091,01329,首创钜大
1092,01330,绿色动力环保
1093,01332,中国透云
1094,01333,中国忠旺
1095,01335,顺泰控股
1096,01336,新华保险
1097,01337,雷蛇
1098,01338,霸王集团
1099,01339,中国人民保险集团
1100,01340,惠生国际
1101,01341,昊天国际建投
1102,01343,伟源控股
1103,01345,中国先锋医药
1104,01346,利华控股集团
1105,01347,华虹半导体
1106,01348,滉达富控股
1107,01349,复旦张江
1108,01351,辉煌明天
1109,01355,朸浚国际
1110,01357,美图公司
1111,01358,普华和顺
1112,01359,中国信达
1113,01360,诺发集团
1114,01361,361度
1115,01362,新龙移动
1116,01363,中滔环保
1117,01365,润东汽车
1118,01366,江南集团
1119,01367,广州基金国际控股
1120,01368,特步国际
1121,01370,奥威控股
1122,01371,中国生态旅游
1123,01372,比速科技
1124,01373,国际家居零售
1125,01375,中州证券
1126,01376,RAFFLESINTERIOR
1127,01378,中国宏桥
1128,01379,温岭工量刃具
1129,01380,中国金石
1130,01381,粤丰环保
1131,01382,互太纺织
1132,01383,太阳城集团
1133,01385,上海复旦
1134,01386,国投集团控股
1135,01387,中国地利
1136,01388,安莉芳控股
1137,01389,美捷汇控股
1138,01393,恒鼎实业
1139,01395,强泰环保
1140,01396,粤港湾控股
1141,01397,碧瑶绿色集团
1142,01398,工商银行
1143,01399,锐信控股
1144,01400,满地科技股份
1145,01401,SPROCOMM INTEL
1146,01402,超智能控股
1147,01408,濠江机电
1148,01410,安领国际
1149,01412,隽思集团
1150,01413,广联工程控股
1151,01415,高伟电子
1152,01416,CTR HOLDINGS
1153,01417,浦江中国
1154,01418,盛诺集团
1155,01419,盈健医疗
1156,01420,川控股
1157,01421,工盖有限公司
1158,01425,捷隆控股
1159,01427,中国天保集团
1160,01428,耀才证券金融
1161,01429,天任集团
1162,01430,苏创燃气
1163,01431,原生态牧业
1164,01432,中国圣牧
1165,01433,常达控股
1166,01439,移动互联(中国)
1167,01440,DEYUN HOLDING
1168,01442,INFINITY L&T
1169,01443,富临集团控股
1170,01446,鸿福堂
1171,01447,新福港
1172,01448,福寿园
1173,01449,立德教育
1174,01450,世纪睿科
1175,01451,万成集团股份
1176,01452,迪诺斯环保
1177,01455,科利实业控股
1178,01456,国联证券
1179,01458,周黑鸭
1180,01459,巨匠建设
1181,01460,扬科集团
1182,01461,鲁证期货
1183,01463,C-LINK SQ
1184,01466,钱唐控股
1185,01468,京基金融国际
1186,01469,结好金融
1187,01470,富一国际控股
1188,01472,生兴控股
1189,01473,环联连讯
1190,01475,日清食品
1191,01476,恒投证券
1192,01477,欧康维视生物-B
1193,01478,丘钛科技
1194,01480,恩达集团控股
1195,01481,竣球控股
1196,01483,誉宴集团
1197,01486,思城控股
1198,01488,百福控股
1199,01490,CHESHI
1200,01492,中地乳业
1201,01495,集一控股
1202,01496,亚积邦租赁
1203,01498,培力控股
1204,01499,欧科云链
1205,01500,现恒建筑
1206,01501,康德莱医械
1207,01502,金融街物业
1208,01508,中国再保险
1209,01513,丽珠医药
1210,01515,华润医疗
1211,01516,融创服务
1212,01518,新世纪医疗
1213,01520,华信金融投资
1214,01521,方达控股
1215,01522,京投交通科技
1216,01523,珩湾科技
1217,01525,建桥教育
1218,01526,瑞慈医疗
1219,01527,天洁环境
1220,01528,红星美凯龙
1221,01529,健升物流中国
1222,01530,三生制药
1223,01532,中国派对文化
1224,01533,庄园牧场
1225,01536,煜荣集团
1226,01538,中奥到家
1227,01539,汇能集团
1228,01540,澳狮环球
1229,01542,台州水务
1230,01543,中盈盛达融资担保
1231,01545,设计都会
1232,01546,德莱建业
1233,01547,IBI GROUP HLDGS
1234,01548,金斯瑞生物科技
1235,01549,永丰集团控股
1236,01551,广州农商银行
1237,01552,BHCC HOLDING
1238,01553,迈科管业
1239,01555,MI能源
1240,01556,建业建荣
1241,01557,剑虹集团控股
1242,01558,东阳光药
1243,01559,均安控股
1244,01560,星星地产
1245,01561,联洋智能控股
1246,01563,友联租赁
1247,01565,成实外教育
1248,01566,华夏文化科技
1249,01568,承达集团
1250,01569,民生教育
1251,01570,伟业控股
1252,01571,信邦控股
1253,01572,中国艺术金融
1254,01573,南方能源
1255,01575,慕容控股
1256,01576,齐鲁高速
1257,01577,汇鑫小贷
1258,01578,天津银行
1259,01579,颐海国际
1260,01580,大森控股
1261,01581,进升集团控股
1262,01582,华营建筑
1263,01583,亲亲食品
1264,01585,雅迪控股
1265,01586,中国力鸿
1266,01587,欣融国际
1267,01588,畅捷通
1268,01589,中国物流资产
1269,01591,汛和集团
1270,01592,基石控股
1271,01593,辰林教育
1272,01596,翼辰实业
1273,01597,纳泉能源科技
1274,01598,21世纪教育
1275,01599,城建设计
1276,01600,天伦燃气
1277,01601,中关村科技租赁
1278,01606,国银租赁
1279,01608,伟能集团
1280,01609,创建集团控股
1281,01610,中粮家佳康
1282,01611,火币科技(五百)
1283,01612,永胜医疗
1284,01613,协同通信
1285,01615,奥邦建筑
1286,01616,星宏传媒
1287,01617,南方通信
1288,01618,中国中冶
1289,01620,加达控股
1290,01621,域高国际控股
1291,01622,力高集团
1292,01623,海隆控股
1293,01626,嘉耀控股
1294,01627,安保工程控股
1295,01628,禹洲集团
1296,01629,冠均国际控股
1297,01630,建成控股
1298,01631,REF HOLDINGS
1299,01632,民商创科
1300,01633,上谕集团
1301,01635,大众公用
1302,01636,中国金属利用
1303,01637,顺兴集团控股
1304,01638,佳兆业集团
1305,01639,安捷利实业
1306,01640,瑞诚中国传媒
1307,01643,现代中药集团
1308,01645,海纳智能
1309,01647,雄岸科技
1310,01649,内蒙古能建
1311,01650,HYGIEIA GROUP
1312,01651,津上机床中国
1313,01652,福森药业
1314,01653,MOS HOUSE
1315,01655,OKURA HOLDINGS
1316,01656,亿仕登控股
1317,01657,桦欣控股
1318,01658,邮储银行
1319,01660,兆邦基地产
1320,01661,智美体育
1321,01662,义合控股
1322,01663,汉港控股
1323,01665,槟杰科达
1324,01666,同仁堂科技
1325,01667,进阶发展
1326,01668,华南城
1327,01669,环球信贷集团
1328,01671,天保能源
1329,01672,歌礼制药-B
1330,01673,华章科技
1331,01675,亚信科技
1332,01676,中国升海集团
1333,01678,中创环球
1334,01679,瑞斯康集团
1335,01680,澳门励骏
1336,01681,康臣药业
1337,01682,杭品生活科技
1338,01683,旷逸国际
1339,01685,博耳电力
1340,01686,新意网集团
1341,01689,华禧控股
1342,01690,立基工程控股
1343,01691,JS环球生活
1344,01692,登辉控股
1345,01693,璋利国际
1346,01695,椰丰集团
1347,01696,复锐医疗科技
1348,01697,山东国信
1349,01699,普甜食品
1350,01701,途屹控股
1351,01702,东光化工
1352,01703,首沣控股
1353,01705,宾仕国际
1354,01706,双运控股
1355,01707,致浩达控股
1356,01708,三宝科技
1357,01709,德林控股
1358,01710,致丰工业电子
1359,01711,欧化
1360,01712,龙资源
1361,01713,四川能投发展
1362,01715,米技国际控股
1363,01716,毛记葵涌
1364,01717,澳优
1365,01718,宏基集团控股
1366,01719,中国通商集团
1367,01720,普天通信集团
1368,01721,FSM HOLDINGS
1369,01722,建鹏控股
1370,01723,港亚控股
1371,01725,恒达科技控股
1372,01726,HKE HOLDINGS
1373,01727,河北建设
1374,01728,正通汽车
1375,01729,汇聚科技
1376,01730,贤能集团
1377,01731,其利工业集团
1378,01732,象兴国际
1379,01733,易大宗
1380,01735,中环控股
1381,01736,中国育儿网络
1382,01737,亚洲实业集团
1383,01738,飞尚无烟煤
1384,01739,齐屹科技
1385,01740,新石文化
1386,01741,日赢控股
1387,01742,HPC HOLDINGS
1388,01743,苍南仪表
1389,01745,驴迹科技
1390,01746,万顺集团控股
1391,01747,HOME CONTROL
1392,01748,信源企业集团
1393,01749,杉杉品牌
1394,01750,全达电器集团控股
1395,01751,景联集团
1396,01752,澳洲成峰高教
1397,01753,兑吧
1398,01755,新城悦服务
1399,01756,华立大学集团
1400,01757,俊裕地基
1401,01758,博骏教育
1402,01759,中油洁能控股
1403,01760,英恒科技
1404,01761,宝宝树集团
1405,01762,万咖壹联
1406,01763,中国同辐
1407,01765,希望教育
1408,01766,中国中车
1409,01767,TS WONDERS
1410,01769,思考乐教育
1411,01771,新丰泰集团
1412,01772,赣锋锂业
1413,01773,天立教育
1414,01775,精英汇集团
1415,01776,广发证券
1416,01777,花样年控股
1417,01778,彩生活
1418,01780,B & D STRATEGIC
1419,01781,新昌创展控股
1420,01782,飞思达科技
1421,01783,金仑控股有限公司
1422,01785,成都高速
1423,01786,铁建装备
1424,01787,山东黄金
1425,01788,国泰君安国际
1426,01789,爱康医疗
1427,01790,达力环保
1428,01792,CMON
1429,01793,伟工控股
1430,01795,亚东集团
1431,01796,耀高控股
1432,01797,新东方在线
1433,01798,大唐新能源
1434,01799,新特能源
1435,01800,中国交通建设
1436,01801,信达生物
1437,01802,文业集团
1438,01803,北京体育文化
1439,01808,企展控股
1440,01809,浦林成山
1441,01810,小米集团-W
1442,01811,中广核新能源
1443,01812,晨鸣纸业
1444,01813,合景泰富集团
1445,01815,金猫银猫
1446,01816,中广核电力
1447,01817,慕尚集团控股
1448,01818,招金矿业
1449,01820,济丰包装
1450,01821,ESR
1451,01822,中木国际
1452,01823,华昱高速
1453,01825,美臻集团
1454,01826,旭通控股
1455,01827,卓珈控股
1456,01829,中国机械工程
1457,01830,必瘦站
1458,01831,十方控股
1459,01832,海天地悦旅
1460,01833,平安好医生
1461,01835,瑞威资管
1462,01836,九兴控股
1463,01837,五谷磨房
1464,01838,CHINAPROPERTIES
1465,01839,中集车辆
1466,01841,优越集团控股
1467,01842,植华集团
1468,01843,快餐帝国
1469,01845,维港环保科技
1470,01846,德视佳
1471,01847,云南建投混凝土
1472,01848,中国飞机租赁
1473,01849,秀商时代控股
1474,01850,海鑫集团
1475,01851,银杏教育
1476,01853,春城热力
1477,01854,展程控股
1478,01855,中邦环境
1479,01856,依波路
1480,01857,中国光大水务
1481,01858,春立医疗
1482,01859,煜盛文化
1483,01860,汇量科技
1484,01861,保宝龙科技
1485,01862,景瑞控股
1486,01863,中国龙天集团
1487,01865,管道工程
1488,01866,中国心连心化肥
1489,01867,乐嘉思控股
1490,01868,同方友友
1491,01869,利宝阁集团
1492,01870,益美国际控股
1493,01871,向中国际
1494,01872,冠轈控股
1495,01873,维亚生物
1496,01875,东曜药业-B
1497,01876,百威亚太
1498,01877,君实生物
1499,01878,南戈壁-S
1500,01882,海天国际
1501,01883,中信国际电讯
1502,01884,EPRINT集团
1503,01885,中国优材
1504,01888,建滔积层板
1505,01889,三爱健康集团
1506,01890,中国科培
1507,01891,兴合控股
1508,01894,恒益控股
1509,01895,鑫苑服务
1510,01896,猫眼娱乐
1511,01897,美亨实业
1512,01898,中煤能源
1513,01899,兴达国际
1514,01900,中国智能交通
1515,01901,飞扬集团
1516,01902,银城国际控股
1517,01903,JBB BUILDERS
1518,01905,海通恒信
1519,01906,博尼控股
1520,01907,中国旭阳集团
1521,01908,建发国际集团
1522,01909,火岩控股
1523,01910,新秀丽
1524,01911,华兴资本控股
1525,01912,康特隆
1526,01913,普拉达
1527,01915,泰和小贷
1528,01916,江西银行
1529,01917,豆盟科技
1530,01918,融创中国
1531,01919,中远海控
1532,01920,恒新丰控股
1533,01921,达力普控股
1534,01922,银城生活服务
1535,01925,旷世控股
1536,01927,久久王
1537,01928,金沙中国有限公司
1538,01929,周大福
1539,01930,勋龙
1540,01931,华检医疗
1541,01932,中漆集团
1542,01933,元力控股
1543,01935,嘉宏教育
1544,01936,利特米
1545,01937,佳辰控股
1546,01938,珠江钢管
1547,01939,东京中央拍卖
1548,01940,CGII HLDGS
1549,01941,烨星集团
1550,01942,MOG HOLDINGS
1551,01943,银涛控股
1552,01945,清科创业
1553,01949,PLATT NERA
1554,01950,深蓝科技控股
1555,01951,锦欣生殖
1556,01952,云顶新耀-B
1557,01953,RIMBACO
1558,01955,庄臣控股
1559,01957,MBV INTL
1560,01958,北京汽车
1561,01959,世纪联合控股
1562,01960,TBKS HLDGS
1563,01961,九尊数字互娱
1564,01962,训修实业
1565,01963,重庆银行
1566,01966,中骏集团控股
1567,01967,信恳智能
1568,01968,兴纺控股
1569,01969,中国春来
1570,01970,IMAX CHINA
1571,01971,弘阳服务
1572,01972,太古地产
1573,01975,新兴印刷
1574,01977,安乐工程
1575,01978,叙福楼集团
1576,01979,天宝集团
1577,01980,天鸽互动
1578,01981,华夏视听教育
1579,01982,南旋控股
1580,01983,泸州银行
1581,01985,美高域
1582,01986,彩客化学
1583,01987,BENG SOON MACH
1584,01988,民生银行
1585,01989,松龄护老集团
1586,01991,大洋集团
1587,01992,复星旅游文化
1588,01993,雅仕维
1589,01995,永升生活服务
1590,01996,弘阳地产
1591,01997,九龙仓置业
1592,01999,敏华控股
1593,02000,晨讯科技
1594,02001,新高教集团
1595,02002,阳光纸业
1596,02003,维信金科
1597,02005,石四药集团
1598,02006,锦江资本
1599,02007,碧桂园
1600,02008,凤凰卫视
1601,02009,金隅集团
1602,02011,开易控股
1603,02012,阳光油砂
1604,02013,微盟集团
1605,02014,浩泽净水
1606,02016,浙商银行
1607,02017,沧海控股
1608,02018,瑞声科技
1609,02019,德信中国
1610,02020,安踏体育
1611,02022,游莱互动
1612,02023,中国绿岛科技
1613,02025,瑞丰动力
1614,02028,映美控股
1615,02030,卡宾
1616,02031,澳至尊
1617,02033,时计宝
1618,02038,富智康集团
1619,02039,中集集团
1620,02048,易居企业控股
1621,02051,51信用卡
1622,02057,中通快递-SW
1623,02060,浦江国际
1624,02066,盛京银行
1625,02068,中铝国际
1626,02078,荣阳实业
1627,02080,奥克斯国际
1628,02083,大自然家居
1629,02086,海航科技投资
1630,02088,西王置业
1631,02096,先声药业
1632,02098,卓尔智联
1633,02099,中国黄金国际
1634,02100,百奥家庭互动
1635,02101,福禄控股
1636,02102,德利机械
1637,02103,新力控股集团
1638,02107,第一服务控股
1639,02108,K2 F&B
1640,02110,裕勤控股
1641,02111,超盈国际控股
1642,02112,优库资源
1643,02113,世纪集团国际
1644,02115,捷心隆
1645,02116,江苏创新
1646,02117,大唐集团控股
1647,02118,天山发展控股
1648,02119,捷荣国际控股
1649,02120,康宁医院
1650,02122,凯知乐国际
1651,02123,金盾控股
1652,02125,稻草熊娱乐
1653,02126,药明巨诺-B
1654,02127,汇森家居
1655,02128,中国联塑
1656,02129,LEGION CONSO
1657,02130,嘉泓物流
1658,02131,云想科技
1659,02132,誉燊丰控股
1660,02133,信盛矿业
1661,02135,瑞丽医美
1662,02136,利福中国
1663,02138,香港医思医疗集团
1664,02139,甘肃银行
1665,02142,和铂医药-B
1666,02146,荣万家
1667,02148,VESYNC
1668,02153,达丰设备
1669,02156,建发物业
1670,02158,医渡科技
1671,02159,麦迪卫康
1672,02160,心通医疗-B
1673,02161,健倍苗苗
1674,02163,远大住工
1675,02166,芯智控股
1676,02168,佳兆业美好
1677,02169,沧港铁路
1678,02170,贝康医疗-B
1679,02178,百勤油服
1680,02180,万宝盛华
1681,02181,迈博药业-B
1682,02182,天长集团
1683,02183,三盛控股
1684,02186,绿叶制药
1685,02187,智欣集团控股
1686,02188,泰坦能源技术
1687,02189,嘉涛(香港)控股
1688,02193,万景控股
1689,02195,盈汇企业控股
1690,02196,复星医药
1691,02198,中国三江化工
1692,02199,维珍妮
1693,02202,万科企业
1694,02203,脑洞科技
1695,02208,金风科技
1696,02211,大健康国际
1697,02212,高鹏矿业
1698,02213,益华控股
1699,02218,安德利果汁
1700,02221,创业集团控股
1701,02222,雷士国际
1702,02223,卡撒天娇
1703,02225,今海国际
1704,02226,老恒和酿造
1705,02227,守益控股
1706,02228,中国节能海东青
1707,02230,羚邦集团
1708,02231,景业名邦集团
1709,02232,晶苑国际
1710,02233,西部水泥
1711,02236,惠生工程
1712,02238,广汽集团
1713,02239,国微控股
1714,02255,海昌海洋公园
1715,02258,华滋国际海洋
1716,02262,梁志天设计集团
1717,02263,富石金融
1718,02266,黎氏企业
1719,02269,药明生物
1720,02278,海蓝控股
1721,02280,慧聪集团
1722,02281,兴泸水务
1723,02282,美高梅中国
1724,02283,东江集团控股
1725,02286,辰兴发展
1726,02288,宏基资本
1727,02289,创美药业
1728,02292,晋安实业
1729,02293,百本医护
1730,02296,华记环球集团
1731,02298,都市丽人
1732,02299,百宏实业
1733,02302,中核国际
1734,02307,锦兴国际控股
1735,02308,研祥智能
1736,02309,伯明翰体育
1737,02310,时代环球集团
1738,02312,中国金融租赁
1739,02313,申洲国际
1740,02314,理文造纸
1741,02317,味丹国际
1742,02318,中国平安
1743,02319,蒙牛乳业
1744,02320,合丰集团
1745,02322,香港潮商集团
1746,02323,融科控股
1747,02324,首都创投
1748,02326,新源万恒控股
1749,02327,美瑞健康国际
1750,02328,中国财险
1751,02329,国瑞置业
1752,02330,中国上城
1753,02331,李宁
1754,02333,长城汽车
1755,02336,海亮国际
1756,02337,众诚能源
1757,02338,潍柴动力
1758,02339,京西国际
1759,02340,昇捷控股
1760,02341,中怡国际
1761,02342,京信通信
1762,02343,太平洋航运
1763,02346,星宇控股
1764,02348,东瑞制药
1765,02349,中国城市基础设施
1766,02355,宝业集团
1767,02356,大新银行集团
1768,02357,中航科工
1769,02358,久融控股
1770,02359,药明康德
1771,02360,优品360
1772,02362,金川国际
1773,02363,通达宏泰
1774,02366,星美文化旅游
1775,02368,鹰美
1776,02369,酷派集团
1777,02371,创联教育金融
1778,02377,博奇环保
1779,02378,保诚
1780,02379,中天国际
1781,02380,中国电力
1782,02381,蚬壳电业
1783,02382,舜宇光学科技
1784,02383,TOM集团
1785,02386,中石化炼化工程
1786,02388,中银香港
1787,02389,北控医疗健康
1788,02393,巨星医疗控股
1789,02398,友佳国际
1790,02399,虎都
1791,02400,心动公司
1792,02448,恒宇集团
1793,02488,元征科技
1794,02500,启明医疗-B
1795,02518,汽车之家-S
1796,02528,尚晋国际控股
1797,02552,华领医药-B
1798,02558,晋商银行
1799,02588,中银航空租赁
1800,02599,祥生控股集团
1801,02600,中国铝业
1802,02601,中国太保
1803,02606,蓝光嘉宝服务
1804,02607,上海医药
1805,02608,阳光100中国
1806,02611,国泰君安
1807,02616,基石药业-B
1808,02623,爱德新能源
1809,02628,中国人寿
1810,02633,雅各臣科研制药
1811,02638,港灯-SS
1812,02660,禅游科技
1813,02662,美好发展
1814,02663,应力控股
1815,02666,环球医疗
1816,02668,百德国际
1817,02669,中海物业
1818,02678,天虹纺织
1819,02680,创升控股
1820,02682,润利海事
1821,02683,华新手袋国际控股
1822,02686,亚美能源
1823,02688,新奥能源
1824,02689,玖龙纸业
1825,02696,复宏汉霖
1826,02698,魏桥纺织
1827,02699,新明中国
1828,02700,格林国际控股
1829,02708,艾伯科技
1830,02718,东正金融
1831,02722,重庆机电
1832,02727,上海电气
1833,02728,金泰能源控股
1834,02738,华津国际控股
1835,02768,佳源国际控股
1836,02772,中梁控股
1837,02777,富力地产
1838,02779,中国新华教育
1839,02788,精熙国际
1840,02789,远大中国
1841,02798,久泰邦达能源
1842,02799,中国华融
1843,02858,易鑫集团
1844,02863,高丰集团控股
1845,02866,中远海发
1846,02868,首创置业
1847,02869,绿城服务
1848,02877,神威药业
1849,02878,晶门半导体
1850,02880,辽港股份
1851,02882,香港资源控股
1852,02883,中海油田服务
1853,02885,彼岸控股
1854,02886,滨海投资
1855,02888,渣打集团
1856,02892,万城控股
1857,02898,龙润茶
1858,02899,紫金矿业
1859,02901,中国互联网（旧）
1860,02903,冠华国际控股
1861,02908,彩虹新能源（旧）
1862,02909,中基长寿（四万）
1863,02910,佳兆业集团股权
1864,02911,火币科技（二千）
1865,02912,品牌中国（二千）
1866,03300,中国玻璃
1867,03301,融信中国
1868,03302,光控精技
1869,03303,巨涛海洋石油服务
1870,03306,江南布衣
1871,03308,金鹰商贸集团
1872,03309,希玛眼科
1873,03311,中国建筑国际
1874,03313,雅高控股
1875,03315,金邦达宝嘉
1876,03316,滨江服务
1877,03318,中国波顿
1878,03319,雅生活服务
1879,03320,华润医药
1880,03321,伟鸿集团控股
1881,03322,永嘉集团
1882,03323,中国建材
1883,03326,保发集团
1884,03328,交通银行
1885,03329,交银国际
1886,03330,灵宝黄金
1887,03331,维达国际
1888,03332,中生联合
1889,03333,中国恒大
1890,03336,巨腾国际
1891,03337,安东油田服务
1892,03339,中国龙工
1893,03344,共享集团
1894,03347,泰格医药
1895,03348,中国鹏飞集团
1896,03358,荣威国际
1897,03360,远东宏信
1898,03363,正业国际
1899,03366,华侨城(亚洲)
1900,03368,百盛集团
1901,03369,秦港股份
1902,03377,远洋集团
1903,03378,厦门港务
1904,03380,龙光集团
1905,03382,天津港发展
1906,03383,雅居乐集团
1907,03389,亨得利
1908,03390,满贯集团
1909,03393,威胜控股
1910,03395,PERSTA
1911,03396,联想控股
1912,03398,华鼎控股
1913,03399,粤运交通
1914,03600,现代牙科
1915,03601,鲁大师
1916,03603,信基沙溪
1917,03606,福耀玻璃
1918,03608,永盛新材料
1919,03613,同仁堂国药
1920,03616,恒达集团控股
1921,03618,重庆农村商业银行
1922,03623,中国金融发展
1923,03626,HSSP INTL
1924,03628,仁恒实业控股
1925,03633,中裕燃气
1926,03636,保利文化
1927,03638,华邦金融
1928,03639,亿达中国
1929,03662,奥园健康
1930,03663,协众国际控股
1931,03666,国际天食
1932,03668,兖煤澳大利亚
1933,03669,永达汽车
1934,03678,弘业期货
1935,03680,索信达控股
1936,03681,中国抗体-B
1937,03683,荣丰联合控股
1938,03686,祈福生活服务
1939,03688,莱蒙国际
1940,03689,康华医疗
1941,03690,美团-W
1942,03692,翰森制药
1943,03698,徽商银行
1944,03699,光大永年
1945,03700,映客
1946,03708,中国供应链产业
1947,03709,赢家时尚
1948,03718,北控城市资源
1949,03728,正利控股
1950,03737,中智药业
1951,03738,阜博集团
1952,03759,康龙化成
1953,03768,滇池水务
1954,03773,年年卡
1955,03778,中国织材控股
1956,03788,中国罕王
1957,03789,御佳控股
1958,03798,家乡互动
1959,03799,达利食品
1960,03800,保利协鑫能源
1961,03808,中国重汽
1962,03813,宝胜国际
1963,03816,KFM金德
1964,03818,中国动向
1965,03822,三和建筑集团
1966,03828,明辉国际
1967,03830,童园国际
1968,03833,新疆新鑫矿业
1969,03836,和谐汽车
1970,03838,中国淀粉
1971,03839,正大企业国际
1972,03848,富道集团
1973,03860,尚捷集团控股
1974,03866,青岛银行
1975,03868,信义能源
1976,03869,弘和仁爱医疗
1977,03877,中国船舶租赁
1978,03878,VICON HOLDINGS
1979,03882,天彩控股
1980,03883,中国奥园
1981,03886,康健国际医疗
1982,03888,金山软件
1983,03889,大成糖业
1984,03893,易纬集团
1985,03898,中车时代电气
1986,03899,中集安瑞科
1987,03900,绿城中国
1988,03903,瀚华金控
1989,03908,中金公司
1990,03913,合景悠活
1991,03918,金界控股
1992,03919,金力集团
1993,03928,S&T HLDGS
1994,03933,联邦制药
1995,03938,LFG投资控股
1996,03939,万国国际矿业
1997,03948,伊泰煤炭
1998,03958,东方证券
1999,03963,融众金融
2000,03968,招商银行
2001,03969,中国通号
2002,03978,卓越教育集团
2003,03983,中海石油化学
2004,03988,中国银行
2005,03989,首创环境
2006,03990,美的置业
2007,03991,长虹佳华
2008,03992,创毅控股
2009,03993,洛阳钼业
2010,03996,中国能源建设
2011,03997,电讯首科
2012,03998,波司登
2013,03999,大成食品
2014,04332,AMGEN-T
2015,04333,思科－Ｔ
2016,04335,英特尔－Ｔ
2017,04336,应用材料－Ｔ
2018,04337,星巴克－Ｔ
2019,04338,微软－Ｔ
2020,05270,LSD BND17 N2209
2021,06030,中信证券
2022,06033,电讯数码控股
2023,06036,光丽科技
2024,06038,信越控股
2025,06049,保利物业
2026,06055,中烟香港
2027,06058,兴证国际
2028,06060,众安在线
2029,06063,智中国际
2030,06066,中信建投证券
2031,06068,睿见教育
2032,06069,盛业资本
2033,06078,海吉亚医疗
2034,06080,荣智控股
2035,06083,环宇物流(亚洲)
2036,06088,鸿腾六零八八精密科技
2037,06090,胜捷企业
2038,06093,和泓服务
2039,06098,碧桂园服务
2040,06099,招商证券
2041,06100,同道猎聘
2042,06108,新锐医药
2043,06110,滔搏
2044,06111,大发地产
2045,06113,UTS MARKETING
2046,06116,拉夏贝尔
2047,06117,日照港裕廊
2048,06118,奥星生命科技
2049,06119,天源集团
2050,06122,九台农商银行
2051,06123,圆通速递国际
2052,06127,昭衍新药
2053,06128,泛亚国际
2054,06133,维太创科
2055,06136,康达环保
2056,06138,哈尔滨银行
2057,06158,正荣地产
2058,06160,百济神州
2059,06161,泰加保险
2060,06162,天瑞汽车内饰
2061,06163,彭顺国际
2062,06166,中国宏泰发展
2063,06168,优通未来
2064,06169,宇华教育
2065,06178,光大证券
2066,06182,乙德投资控股
2067,06183,中国绿宝
2068,06185,康希诺生物-B
2069,06186,中国飞鹤
2070,06188,迪信通
2071,06189,爱得威建设集团
2072,06190,九江银行
2073,06193,泰林科建
2074,06196,郑州银行
2075,06198,青岛港
2076,06199,贵州银行
2077,06600,赛生药业
2078,06601,朝云集团
2079,06606,诺辉健康-B
2080,06608,百融云-W
2081,06618,京东健康
2082,06666,恒大物业
2083,06668,星盛商业
2084,06677,远洋服务
2085,06690,海尔智家
2086,06805,金茂源环保
2087,06806,申万宏源
2088,06808,高鑫零售
2089,06811,太兴集团
2090,06812,永顺控股香港
2091,06816,瑞港建设
2092,06818,中国光大银行
2093,06819,中智全球
2094,06820,友谊时光
2095,06822,科劲国际
2096,06823,香港电讯-SS
2097,06826,昊海生物科技
2098,06828,北京燃气蓝天
2099,06829,龙升集团控股
2100,06830,华众车载
2101,06833,兴科蓉医药
2102,06836,天韵国际控股
2103,06837,海通证券
2104,06838,盈利时
2105,06839,云南水务
2106,06855,亚盛医药-B
2107,06858,本间高尔夫
2108,06860,指尖悦动
2109,06862,海底捞
2110,06865,福莱特玻璃
2111,06866,佐力小贷
2112,06868,天福
2113,06869,长飞光纤光缆
2114,06877,昆仑国际金融
2115,06878,鼎丰集团控股
2116,06880,腾邦控股
2117,06881,中国银河
2118,06882,东瀛游
2119,06885,金马能源
2120,06886,华泰证券
2121,06888,英达公路再生科技
2122,06889,DYNAM JAPAN
2123,06890,康利国际控股
2124,06893,衍生集团
2125,06896,金嗓子
2126,06898,中国铝罐
2127,06899,联众
2128,06900,上坤地产
2129,06908,宏光照明
2130,06918,奇士达
2131,06919,人瑞人才
2132,06928,TOMO HOLDINGS
2133,06933,新娱科控股
2134,06939,美佳音控股
2135,06958,正荣服务
2136,06966,中国万桐园
2137,06968,港龙中国地产
2138,06969,思摩尔国际
2139,06978,永泰生物-B
2140,06988,乐享互动
2141,06989,卓越商企服务
2142,06993,蓝月亮集团
2143,06996,德琪医药-B
2144,06998,嘉和生物-B
2145,06999,领地控股
2146,08001,东方汇财证券
2147,08003,世大控股
2148,08005,裕兴科技
2149,08006,华泰瑞银
2150,08007,环球战略集团
2151,08009,华夏能源控股
2152,08011,百田石油
2153,08013,ECI TECH
2154,08017,捷利交易宝
2155,08018,汇财金融投资
2156,08019,皓文控股
2157,08020,宏海控股集团
2158,08021,汇隆控股
2159,08022,永耀集团控股
2160,08023,邝文记
2161,08025,亚洲资产
2162,08026,朗华国际集团
2163,08027,吉辉控股
2164,08028,天时软件
2165,08029,太阳国际
2166,08030,汇联金融服务
2167,08031,易通讯集团
2168,08032,非凡中国
2169,08033,爱达利网络
2170,08035,骏高控股
2171,08036,电子交易集团
2172,08037,中国生物科技服务
2173,08039,中国卓银
2174,08040,DCB控股
2175,08041,荟萃国际(控股)
2176,08042,高奥士国际
2177,08043,ATLINKS
2178,08045,南大苏富特
2179,08047,中国海洋发展
2180,08048,御德国际控股
2181,08049,吉林长龙药业
2182,08050,量子思维
2183,08051,讯智海
2184,08052,陆庆娱乐
2185,08053,比优集团
2186,08055,中国网络信息科技
2187,08056,生活概念
2188,08057,麦迪森控股
2189,08059,朝威控股
2190,08060,国联通信
2191,08062,俊盟国际
2192,08063,环球大通集团
2193,08065,高萌科技
2194,08066,品创控股
2195,08067,东方大学城控股
2196,08069,纵横游控股
2197,08070,侨洋国际控股
2198,08071,中彩网通控股
2199,08072,罗马集团
2200,08073,兴业新材料
2201,08075,寰亚传媒
2202,08076,新利软件
2203,08078,中国创意数码
2204,08079,易还财务投资
2205,08080,北亚策略
2206,08081,恒泰裕集团
2207,08082,太阳娱乐集团
2208,08083,中国有赞
2209,08086,新维国际控股
2210,08087,中国三三传媒
2211,08088,汇友生命科学
2212,08089,华人策略控股
2213,08091,奥传思维控股
2214,08092,ITE HOLDINGS
2215,08093,万星控股
2216,08095,北大青鸟环宇
2217,08096,赏之味
2218,08098,昌利控股
2219,08100,智易控股
2220,08101,壹家壹品
2221,08103,HMVOD视频
2222,08106,升华兰德
2223,08107,威诚国际控股
2224,08108,福泽集团
2225,08109,麒麟集团控股
2226,08111,中国科技产业集团
2227,08112,基石金融
2228,08113,扬宇科技
2229,08115,上海青浦消防
2230,08116,中国幸福投资
2231,08117,中国基础能源
2232,08118,濠亮环球
2233,08119,即时科研
2234,08120,国农金融投资
2235,08121,超凡网络
2236,08123,华亿金控
2237,08125,仁德资源
2238,08126,G.A.控股
2239,08128,中国地热能
2240,08130,大地国际集团
2241,08131,辰罡科技
2242,08132,中油港燃
2243,08133,铸能控股
2244,08135,正美丰业
2245,08136,英马斯集团
2246,08137,洪桥集团
2247,08139,长安仁恒
2248,08140,人和科技
2249,08143,金威医疗
2250,08146,怡园酒业
2251,08147,汇思太平洋
2252,08148,奥栢中国
2253,08149,浩德控股
2254,08150,无缝绿色
2255,08151,宝申控股
2256,08152,明梁控股
2257,08153,科地农业
2258,08155,南华资产控股
2259,08156,国药科技股份
2260,08158,中国再生医学
2261,08159,辉煌科技
2262,08160,金汇教育
2263,08161,医汇集团
2264,08162,港银控股
2265,08163,领智金融
2266,08166,中国农业生态
2267,08167,中国新电信
2268,08168,宝积资本
2269,08169,环康集团
2270,08170,全民国际
2271,08171,中国趋势
2272,08172,拉近网娱
2273,08173,万亚企业控股
2274,08175,中国数码文化
2275,08176,超人智能
2276,08178,中国信息科技
2277,08179,百利达集团控股
2278,08181,时时服务
2279,08186,同仁资源
2280,08187,积木集团
2281,08188,骏杰集团控股
2282,08189,泰达生物
2283,08191,鸿伟亚洲
2284,08193,亚太金融投资
2285,08195,乐亚国际
2286,08196,建禹集团
2287,08198,乐透互娱
2288,08200,修身堂
2289,08201,宝联控股
2290,08202,汇创控股
2291,08203,凯顺控股
2292,08205,交大慧谷
2293,08206,神通机器人教育
2294,08208,WMCH GLOBAL
2295,08210,衍汇亚洲
2296,08211,浙江永安
2297,08213,荣晖控股
2298,08215,FIRST CREDIT
2299,08216,丰城控股
2300,08217,联旺集团
2301,08218,毅高国际控股
2302,08219,恒伟集团控股
2303,08220,比高集团
2304,08221,PF GROUP
2305,08222,壹照明
2306,08223,紫元元
2307,08225,中国医疗集团
2308,08226,树熊金融集团-新
2309,08227,海天天线
2310,08228,国艺娱乐
2311,08229,FUTURE DATA
2312,08231,节能元件
2313,08232,CLASSIFIED GP
2314,08235,赛迪顾问
2315,08237,华星控股
2316,08238,惠陶集团
2317,08239,首都金融控股
2318,08241,英记茶庄集团
2319,08242,新威斯顿
2320,08245,安悦国际控股
2321,08246,中华燃气
2322,08247,中生北控生物科技
2323,08249,瑞远智控
2324,08250,丝路能源
2325,08255,神州数字
2326,08257,靖洋集团
2327,08258,西北实业
2328,08259,HON CORP
2329,08260,银合控股
2330,08262,宏强控股
2331,08265,中国之信集团
2332,08266,卓信国际控股
2333,08267,蓝港互动
2334,08268,智城发展控股
2335,08269,富誉控股
2336,08270,中国煤层气
2337,08271,环球数码创意
2338,08272,华人饮食集团
2339,08275,永勤集团控股-新
2340,08277,骏东控股
2341,08279,亚博科技控股
2342,08280,中国数字视频
2343,08281,中国金典集团
2344,08282,智傲控股
2345,08283,正力控股
2346,08285,森浩集团
2347,08286,长城微光
2348,08287,百家淘客
2349,08290,亚势备份
2350,08291,万成金属包装
2351,08292,盛良物流
2352,08293,星亚控股
2353,08295,中金科技服务
2354,08296,中国生命集团
2355,08297,芭迪贝伊
2356,08299,大唐潼金
2357,08300,皇玺餐饮集团
2358,08301,明华科技
2359,08305,棠记控股
2360,08307,密迪斯肌
2361,08308,古兜控股
2362,08309,万成环球控股
2363,08310,大丰港
2364,08311,圆美光电
2365,08313,杰地集团
2366,08315,长城汇理
2367,08316,全通控股
2368,08317,财华社集团
2369,08319,思博系统
2370,08320,沛然环保
2371,08321,泰锦控股
2372,08325,中国支付通
2373,08326,同景新能源
2374,08328,信义储电
2375,08329,海王英特龙
2376,08331,倍搏集团
2377,08333,阿仕特朗金融
2378,08337,直通电讯
2379,08340,域高金融
2380,08341,艾硕控股
2381,08347,F8企业
2382,08348,滨海泰达物流
2383,08349,美固科技控股
2384,08350,骏溢环球金融
2385,08351,俊文宝石
2386,08353,安科系统
2387,08356,中国新华电视
2388,08357,REPUBLIC HC
2389,08360,利骏集团香港
2390,08362,运兴泰集团
2391,08363,SDM GROUP
2392,08365,建泉国际控股
2393,08366,浙江联合投资
2394,08367,倩碧控股
2395,08368,中国创意控股
2396,08370,智昇集团控股
2397,08371,尝高美集团
2398,08372,君百延集团
2399,08373,靛蓝星
2400,08375,弘浩国际控股
2401,08377,申酉控股
2402,08379,汇安智能
2403,08383,东骏控股
2404,08385,万里印刷
2405,08391,基石科技控股
2406,08392,舍图控股
2407,08395,齐家控股
2408,08400,亚洲先锋娱乐
2409,08401,源想集团
2410,08402,GT STEEL GROUP
2411,08403,天平道合
2412,08405,恒智控股
2413,08406,合宝丰年
2414,08411,K W NELSON GP
2415,08412,高门集团
2416,08413,亚洲杂货
2417,08416,HM INTL HLDGS
2418,08417,大地教育
2419,08418,傲迪玛汽车
2420,08419,AV策划推广
2421,08420,NEXION TECH
2422,08422,WT集团
2423,08423,潪澔发展控股
2424,08425,兴铭控股
2425,08426,雅居投资控股
2426,08427,瑞强集团
2427,08428,国茂控股
2428,08429,冰雪集团
2429,08430,春能控股
2430,08431,浩柏国际
2431,08432,太平洋酒吧
2432,08436,德宝集团控股
2433,08437,德斯控股
2434,08439,新百利融资
2435,08441,国际永胜集团
2436,08445,怡康泰工程集团
2437,08446,ITP HOLDINGS
2438,08447,MS CONCEPT
2439,08448,环球印馆
2440,08450,钜京控股
2441,08451,日光控股
2442,08452,富银融资股份
2443,08455,礼建德集团
2444,08456,民信国际控股
2445,08460,基地锦标集团
2446,08462,中安控股集团
2447,08471,新达控股
2448,08472,立高控股
2449,08473,弥明生活百货
2450,08475,千盛集团控股
2451,08476,大洋环球控股
2452,08479,金泰丰国际控股
2453,08480,飞霓控股
2454,08481,盛龙锦秀国际
2455,08482,万励达
2456,08483,名仕快相
2457,08487,ISP GLOBAL
2458,08489,裕程物流
2459,08490,骏码科技
2460,08491,COOL LINK
2461,08493,龙皇集团
2462,08495,1957 & CO.
2463,08496,新加坡美食控股
2464,08500,天泓文创
2465,08501,庄皇集团公司
2466,08502,远航港口
2467,08506,福纺控股
2468,08507,爱世纪集团
2469,08509,威扬酒业控股
2470,08510,TOPSTANDARDCORP
2471,08511,智诚科技
2472,08512,凯富善集团控股
2473,08513,官酝控股
2474,08516,广骏集团控股
2475,08519,佳民集团
2476,08521,智纺国际控股
2477,08523,常满控股
2478,08525,百应控股
2479,08526,荣丰集团亚洲
2480,08527,聚利宝控股
2481,08532,宝发控股
2482,08535,荧德控股
2483,08536,TL NATURAL GAS
2484,08537,创辉珠宝
2485,08540,胜利证券
2486,08545,佰悦集团
2487,08547,PACIFIC LEGEND
2488,08591,永勤集团控股－旧
2489,08595,树熊金融集团－旧
2490,08599,环球大通集团
2491,08601,宝燵控股
2492,08603,亮晴控股
2493,08606,倢冠控股
2494,08607,纳尼亚集团
2495,08609,永续农业
2496,08611,MINDTELL TECH
2497,08612,维亮控股
2498,08613,东方支付集团控股
2499,08616,新威工程集团
2500,08617,永联丰控股
2501,08619,WAC HOLDINGS
2502,08620,亚洲速运
2503,08621,METROPOLIS CAP
2504,08622,华康生物医学
2505,08623,中国蜀塔
2506,08627,旅橙文化
2507,08631,申港控股
2508,08635,连成科技集团
2509,08645,NOMAD TECH
2510,08646,中国宏光
2511,08657,TRUE PARTNER
2512,08659,易和国际控股
2513,08668,瀛海集团
2514,09600,新纽科技
2515,09608,宋都服务
2516,09616,东软教育
2517,09618,京东集团-SW
2518,09626,哔哩哔哩-SW
2519,09633,农夫山泉
2520,09666,金科服务
2521,09668,渤海银行
2522,09677,威海银行
2523,09688,再鼎医药-SB
2524,09698,万国数据-SW
2525,09888,百度集团-SW
2526,09900,德益控股
2527,09901,新东方-S
2528,09906,宏力医疗管理
2529,09908,嘉兴燃气
2530,09909,宝龙商业
2531,09911,赤子城科技
2532,09913,智勤控股
2533,09916,兴业物联
2534,09918,丽年国际
2535,09919,艾德韦宣集团
2536,09922,九毛九
2537,09923,移卡
2538,09926,康方生物-B
2539,09928,时代邻里
2540,09929,澳达控股
2541,09933,GHW INTL
2542,09936,稀美资源
2543,09938,华和控股
2544,09939,开拓药业-B
2545,09958,力天影业
2546,09959,联易融科技-W
2547,09961,携程集团-S
2548,09963,高科桥
2549,09966,康宁杰瑞制药-B
2550,09968,汇景控股
2551,09969,诺诚健华-B
2552,09977,凤祥股份
2553,09978,方圆房服集团
2554,09979,绿城管理控股
2555,09983,建业新生活
2556,09986,大山教育
2557,09987,百胜中国-S
2558,09988,阿里巴巴-SW
2559,09989,海普瑞
2560,09990,祖龙娱乐
2561,09991,宝尊电商-SW
2562,09992,泡泡玛特
2563,09993,金辉控股
2564,09995,荣昌生物-B
2565,09996,沛嘉医疗-B
2566,09997,康基医疗
2567,09998,光荣控股
2568,09999,网易-S
