date,averagePELYR,averagePETTM,middlePELYR,middlePETTM,close
2014-10-16,78.39,75.65,59.75,56.91,6058.67
2014-10-19,77.73,74.72,58.87,55.89,6154.52
2014-10-20,78.87,75.79,59.92,57.16,6103.01
2014-10-21,78.03,75.51,59.59,56.16,6027.51
2014-10-22,78.4,74.78,58.89,55.67,5930.48
2014-10-23,77.29,73.14,57.89,54.65,5941.93
2014-10-26,76.97,73.16,57.97,55.25,6006.84
2014-10-27,77.6,73.51,58.53,55.3,6163.67
2014-10-28,79.46,72.77,60.02,56.04,6246.7
2014-10-29,79.86,73.27,60.92,56.12,6241.59
2014-10-30,79.64,73.31,60.88,57.13,6208.61
2014-11-02,80.29,73.24,60.31,57.62,6275.99
2014-11-03,79.88,73.58,60.77,57.33,6231.82
2014-11-04,79.68,73.76,59.85,56.59,6227.25
2014-11-05,80.1,73.7,60.19,56.78,6289.19
2014-11-06,80.15,74.6,60.66,57.51,6228.17
2014-11-09,78.58,74.19,59.43,56.55,6246.61
2014-11-10,78.8,74.63,59.89,56.87,6023.0
2014-11-11,77.02,71.54,57.49,54.5,6120.06
2014-11-12,77.14,72.72,58.51,55.63,6023.78
2014-11-13,76.49,72.24,57.27,54.57,6009.45
2014-11-16,76.22,72.01,56.94,53.87,6100.83
2014-11-17,76.6,73.09,57.63,54.83,6139.52
2014-11-18,77.35,73.31,57.66,55.26,6193.56
2014-11-19,77.9,72.89,58.79,55.96,6185.92
2014-11-20,77.03,72.79,58.68,55.82,6240.77
2014-11-23,77.87,73.28,58.87,56.32,6293.02
2014-11-24,78.49,73.9,59.0,56.39,6392.44
2014-11-25,79.69,74.63,60.21,57.13,6435.14
2014-11-26,79.4,74.85,60.13,56.91,6472.59
2014-11-27,79.87,75.07,60.62,57.09,6478.11
2014-11-30,79.62,75.08,60.27,57.22,6392.46
2014-12-01,78.5,74.31,59.94,57.42,6457.56
2014-12-02,78.82,74.8,60.02,57.55,6513.96
2014-12-03,79.19,75.42,60.53,58.09,6605.32
2014-12-04,80.15,75.49,60.99,58.52,6462.09
2014-12-07,78.61,74.61,59.6,57.2,6457.51
2014-12-08,79.06,73.98,58.98,56.44,6161.37
2014-12-09,76.06,72.28,56.82,54.29,6366.81
2014-12-10,77.42,74.06,58.33,55.78,6463.32
2014-12-11,78.54,74.53,59.33,56.29,6545.19
2014-12-14,77.54,74.76,59.35,56.93,6658.15
2014-12-15,78.58,74.64,60.2,57.74,6635.26
2014-12-16,78.02,74.32,59.77,57.25,6551.12
2014-12-17,77.23,74.68,59.74,56.91,6540.88
2014-12-18,77.73,74.43,59.8,56.13,6438.04
2014-12-21,75.84,74.08,58.67,54.93,6120.58
2014-12-22,73.36,71.27,55.63,52.3,6023.37
2014-12-23,73.02,70.49,54.93,51.92,6154.88
2014-12-24,74.02,71.56,56.31,53.03,6222.51
2014-12-25,74.79,72.01,56.65,53.46,6233.94
2014-12-28,74.76,71.82,56.54,53.17,6098.98
2014-12-29,74.04,70.23,55.68,52.36,5982.64
2014-12-30,73.23,69.63,54.68,51.55,6027.52
2015-01-04,73.76,70.41,55.28,52.08,6049.79
2015-01-05,71.47,69.51,51.73,52.38,6172.39
2015-01-06,72.24,71.21,53.23,52.91,6166.77
2015-01-07,72.1,70.42,53.24,53.0,6164.11
2015-01-08,71.95,70.85,53.48,52.74,6128.01
2015-01-11,71.57,70.44,52.72,52.72,6062.28
2015-01-12,72.13,70.25,52.59,52.34,6167.12
2015-01-13,72.97,70.88,53.81,53.63,6139.29
2015-01-14,72.92,71.45,53.71,53.5,6168.66
2015-01-15,73.12,71.61,54.09,53.66,6252.08
2015-01-18,73.63,72.12,54.78,54.4,6109.29
2015-01-19,72.57,71.47,53.72,53.64,6336.63
2015-01-20,75.06,73.41,55.31,55.63,6465.73
2015-01-21,75.14,73.96,56.98,56.09,6568.64
2015-01-22,75.8,75.12,57.93,57.43,6502.07
2015-01-25,75.49,74.52,56.95,56.56,6642.61
2015-01-26,76.78,75.74,58.1,57.31,6693.81
2015-01-27,76.88,76.14,58.22,57.27,6666.26
2015-01-28,76.43,75.95,58.02,57.6,6625.01
2015-01-29,76.31,75.52,57.82,57.42,6546.6
2015-02-01,75.63,75.42,57.45,57.07,6535.9
2015-02-02,75.51,74.83,57.62,56.73,6654.55
2015-02-03,76.44,75.76,59.16,57.7,6653.34
2015-02-04,76.18,75.43,58.95,58.04,6654.08
2015-02-05,76.04,75.28,59.14,57.8,6526.95
2015-02-08,75.45,75.05,58.62,56.59,6474.82
2015-02-09,75.46,74.04,58.26,56.31,6555.82
2015-02-10,75.54,74.55,58.27,56.78,6645.51
2015-02-11,76.39,74.97,59.11,57.66,6703.82
2015-02-12,76.84,75.7,59.73,58.06,6815.85
2015-02-15,77.11,76.71,60.32,59.33,6965.3
2015-02-16,78.51,77.9,61.49,61.05,7020.05
2015-02-24,78.91,78.04,61.75,60.86,7004.67
2015-02-25,78.77,77.93,61.91,61.06,7045.27
2015-02-26,79.48,78.08,61.95,61.11,7141.89
2015-03-01,80.09,79.01,62.45,61.67,7317.68
2015-03-02,81.56,80.57,64.0,62.51,7282.11
2015-03-03,81.73,80.7,63.99,62.98,7411.03
2015-03-04,83.28,81.65,65.11,63.95,7450.91
2015-03-05,84.11,81.33,65.82,64.06,7338.4
2015-03-08,82.36,80.53,64.25,62.87,7450.82
2015-03-09,83.02,82.01,65.11,63.41,7566.48
2015-03-10,82.77,82.96,65.18,64.44,7566.31
2015-03-11,82.86,82.24,65.45,64.13,7514.45
2015-03-12,83.33,81.93,65.89,64.42,7649.35
2015-03-15,84.27,82.61,66.22,65.38,7903.36
2015-03-16,85.21,84.76,67.88,67.09,7993.24
2015-03-17,86.18,85.02,68.35,67.68,8150.95
2015-03-18,87.65,86.06,69.26,68.48,8216.62
2015-03-19,88.01,86.34,69.24,68.87,8318.83
2015-03-22,87.71,86.79,69.71,70.18,8560.44
2015-03-23,89.24,88.48,71.22,70.94,8655.38
2015-03-24,90.27,89.09,71.15,71.1,8784.91
2015-03-25,90.99,90.47,73.53,72.66,8611.86
2015-03-26,89.84,89.23,72.71,71.85,8710.29
2015-03-29,90.43,90.13,73.55,72.9,8719.22
2015-03-30,90.99,90.11,73.55,72.37,8780.74
2015-03-31,91.54,90.86,73.55,73.05,9008.2
2015-04-01,92.91,91.57,75.2,74.64,9238.05
2015-04-02,94.49,93.19,77.26,76.19,9419.2
2015-04-06,96.27,94.51,79.38,77.81,9600.72
2015-04-07,97.25,95.03,80.55,79.02,9455.59
2015-04-08,95.04,93.01,78.81,77.14,9369.66
2015-04-09,94.43,93.18,77.82,76.97,9600.4
2015-04-12,96.39,94.29,79.45,77.93,9813.6
2015-04-13,98.18,95.44,81.62,79.48,9830.06
2015-04-14,98.39,96.33,81.23,79.27,9441.19
2015-04-15,94.81,93.36,78.24,76.12,9541.77
2015-04-16,95.56,94.08,79.1,77.17,9567.7
2015-04-19,95.44,94.0,79.01,76.92,9353.61
2015-04-20,93.8,91.81,77.63,75.62,9716.35
2015-04-21,96.25,93.49,80.58,77.9,9995.26
2015-04-22,98.25,96.44,83.13,80.03,10105.27
2015-04-23,98.97,97.06,83.16,80.86,10123.91
2015-04-26,98.62,96.18,83.13,80.52,10174.9
2015-04-27,99.19,96.53,83.39,79.83,9847.89
2015-04-28,97.45,94.59,81.88,78.56,10107.4
2015-04-29,99.51,95.72,83.35,79.0,10180.49
2015-05-03,98.86,95.99,83.32,79.88,10270.13
2015-05-04,100.18,96.69,82.85,79.7,10007.27
2015-05-05,98.12,95.73,81.22,78.43,9973.99
2015-05-06,97.34,95.24,80.83,78.15,9806.51
2015-05-07,97.08,94.29,81.02,78.33,10274.38
2015-05-10,100.28,97.42,83.56,81.6,10771.62
2015-05-11,103.36,100.45,86.55,83.83,11051.43
2015-05-12,104.4,101.37,88.32,85.25,11137.3
2015-05-13,104.8,102.24,88.89,85.6,11211.1
2015-05-14,106.19,103.67,90.1,88.26,11217.93
2015-05-17,106.42,104.01,89.13,86.46,11542.28
2015-05-18,108.35,104.79,91.42,88.75,11831.36
2015-05-19,109.03,104.82,92.06,88.97,12132.37
2015-05-20,110.27,106.56,93.55,91.71,12586.05
2015-05-21,113.27,109.36,97.6,94.94,12687.29
2015-05-24,113.0,110.11,96.84,94.74,12877.87
2015-05-25,114.39,111.08,99.23,95.19,13401.31
2015-05-26,116.63,113.69,102.23,99.76,13582.55
2015-05-27,118.17,115.77,103.31,100.6,12818.99
2015-05-28,115.08,111.39,100.37,97.0,13027.21
2015-05-31,115.86,112.59,102.32,98.61,13691.17
2015-06-01,119.48,117.12,104.92,102.09,14276.32
2015-06-02,123.29,119.5,107.25,104.74,14356.6
2015-06-03,122.5,119.57,108.28,103.46,14308.65
2015-06-04,121.8,118.77,106.65,103.82,14465.75
2015-06-07,122.93,120.3,107.83,105.08,14099.73
2015-06-08,121.21,117.89,106.38,101.8,14106.23
2015-06-09,121.96,118.19,107.12,103.45,14461.81
2015-06-10,123.52,120.54,109.53,106.07,14768.88
2015-06-11,124.76,122.01,110.92,107.98,15006.34
2015-06-14,126.16,123.41,110.86,107.78,14707.78
2015-06-15,123.56,121.67,109.8,105.68,14102.22
2015-06-16,121.29,118.24,105.98,100.82,14407.31
2015-06-17,122.74,119.53,108.17,101.91,13934.21
2015-06-18,120.61,117.03,106.89,101.01,13024.72
2015-06-22,116.37,112.57,101.25,95.01,13047.02
2015-06-23,117.22,113.09,102.99,96.83,13313.79
2015-06-24,117.77,114.54,103.87,98.42,12760.48
2015-06-25,113.91,111.6,99.61,95.42,11730.75
2015-06-28,108.47,103.82,92.51,88.92,10906.04
2015-06-29,102.79,98.84,85.68,82.46,11381.47
2015-06-30,105.67,100.72,89.09,85.79,10734.01
2015-07-01,101.07,98.89,84.18,81.61,10002.36
2015-07-02,97.93,95.34,79.21,77.33,9358.73
2015-07-05,94.74,90.49,74.6,71.65,8858.91
2015-07-06,90.67,87.56,71.19,67.73,8356.13
2015-07-07,86.88,83.83,67.31,62.95,8114.6
2015-07-08,85.0,82.71,64.99,62.6,8348.88
2015-07-09,87.44,84.2,68.12,63.36,8620.27
2015-07-12,89.12,86.19,71.09,65.68,9032.56
2015-07-13,92.96,89.1,74.16,69.84,9338.17
2015-07-14,94.71,91.46,75.74,72.33,8942.91
2015-07-15,91.9,88.36,72.83,69.04,9041.23
2015-07-16,91.86,89.02,74.83,71.13,9541.26
2015-07-19,96.19,92.77,78.78,74.26,9839.92
2015-07-20,98.48,95.46,80.3,76.77,10062.89
2015-07-21,99.45,96.27,80.81,78.53,10228.86
2015-07-22,100.67,97.12,82.52,79.25,10553.22
2015-07-23,101.81,98.82,84.28,80.31,10449.75
2015-07-26,102.02,98.37,83.13,80.51,9719.55
2015-07-27,96.75,92.95,78.74,75.39,9284.54
2015-07-28,94.09,89.62,76.44,71.7,9727.23
2015-07-29,97.01,92.33,79.28,75.37,9460.73
2015-07-30,95.47,89.9,76.5,74.09,9223.64
2015-08-02,93.77,89.86,75.68,72.36,8723.59
2015-08-03,89.22,86.09,72.02,69.04,9265.22
2015-08-04,94.05,89.57,76.03,72.62,9240.89
2015-08-05,94.06,89.8,76.07,71.87,9229.35
2015-08-06,93.98,90.19,75.8,71.5,9585.14
2015-08-09,95.71,91.28,78.1,73.78,10077.94
2015-08-10,99.19,94.66,81.37,76.98,10153.71
2015-08-11,100.04,94.95,81.6,77.84,10005.93
2015-08-12,99.56,93.84,81.18,76.39,10308.79
2015-08-13,100.74,96.25,82.88,78.39,10377.98
2015-08-16,100.63,96.1,83.61,78.61,10563.13
2015-08-17,101.51,97.28,85.56,80.48,9806.7
2015-08-18,96.84,91.45,79.11,73.73,10057.84
2015-08-19,98.07,93.35,80.38,75.84,9739.92
2015-08-20,96.87,92.78,77.52,74.85,9208.15
2015-08-23,93.02,88.92,73.3,70.83,8506.72
2015-08-24,87.7,83.19,67.3,64.73,7882.11
2015-08-25,83.04,79.11,62.06,59.71,7543.78
2015-08-26,80.02,74.66,59.45,56.37,7793.54
2015-08-27,82.15,76.17,62.06,58.75,8270.96
2015-08-30,87.33,78.82,66.14,62.28,7950.46
2015-08-31,83.87,76.06,64.13,59.69,7441.34
2015-09-01,78.82,71.89,59.14,55.4,7129.97
2015-09-06,76.65,69.57,56.18,52.2,7291.47
2015-09-07,77.82,70.74,57.93,53.84,7651.5
2015-09-08,81.2,73.93,61.6,56.87,7956.73
2015-09-09,83.97,76.64,64.06,58.96,7843.0
2015-09-10,82.69,75.46,63.88,58.16,7952.14
2015-09-13,84.03,76.72,63.93,59.35,7412.3
2015-09-14,79.09,71.76,59.16,55.01,7034.9
2015-09-15,76.71,69.73,55.95,51.95,7500.61
2015-09-16,80.52,72.28,60.31,55.64,7428.64
2015-09-17,79.85,72.12,59.78,54.91,7556.2
2015-09-20,81.04,72.34,60.59,55.68,7847.89
2015-09-21,83.16,74.28,63.56,57.59,7880.84
2015-09-22,83.43,74.8,64.09,58.57,7824.07
2015-09-23,83.03,74.44,63.38,57.42,7928.83
2015-09-24,84.34,75.61,64.18,58.56,7640.17
2015-09-27,81.59,73.72,61.89,56.86,7839.62
2015-09-28,83.81,75.55,63.88,58.24,7720.68
2015-09-29,83.12,74.74,62.8,57.03,7727.51
2015-10-07,83.52,75.35,63.39,57.57,8056.28
2015-10-08,85.97,77.59,65.53,60.51,8180.4
2015-10-11,86.99,78.67,67.49,61.86,8522.63
2015-10-12,90.58,82.18,70.44,63.96,8651.05
2015-10-13,91.08,83.23,70.69,65.06,8534.73
2015-10-14,90.05,82.36,70.14,64.6,8808.47
2015-10-15,92.95,83.89,72.73,65.45,8943.02
2015-10-18,93.98,84.85,74.05,67.01,8935.39
2015-10-19,93.17,84.75,74.85,67.58,9116.54
2015-10-20,94.39,85.77,74.26,68.36,8541.61
2015-10-21,90.67,82.75,71.74,64.84,8894.76
2015-10-22,93.31,85.22,74.37,67.05,9182.55
2015-10-25,95.63,87.66,76.2,68.93,9262.89
2015-10-26,96.62,87.77,76.61,69.66,9345.97
2015-10-27,96.54,87.74,77.67,70.53,9131.87
2015-10-28,95.55,86.52,76.49,69.69,9214.59
2015-10-29,95.89,86.84,76.99,71.03,9188.27
2015-11-01,95.28,87.27,76.74,71.15,8944.68
2015-11-02,93.5,85.97,75.11,69.85,8924.42
2015-11-03,93.78,86.94,75.05,70.24,9396.84
2015-11-04,97.66,89.26,77.84,72.6,9391.45
2015-11-05,97.65,89.57,77.59,72.21,9629.28
2015-11-08,99.63,91.61,79.42,73.56,9816.03
2015-11-09,100.48,93.46,80.5,74.79,9911.24
2015-11-10,101.26,93.56,81.31,75.23,10100.51
2015-11-11,102.38,95.59,83.1,76.84,10135.08
2015-11-12,102.35,96.19,84.04,77.74,9934.77
2015-11-15,101.08,94.12,81.26,75.36,10194.78
2015-11-16,103.13,95.54,84.07,77.19,10109.4
2015-11-17,102.26,94.68,82.67,76.06,9928.66
2015-11-18,102.06,93.45,82.44,75.83,10235.35
2015-11-19,103.05,95.64,84.4,77.94,10440.35
2015-11-22,104.15,96.31,85.76,79.46,10341.42
2015-11-23,103.11,96.48,85.18,79.05,10459.6
2015-11-24,104.68,96.68,86.7,79.86,10696.31
2015-11-25,105.25,98.21,89.34,81.27,10620.83
2015-11-26,104.91,97.73,88.38,81.54,9933.5
2015-11-29,102.25,94.21,83.75,75.88,10001.19
2015-11-30,101.89,93.96,83.84,76.15,9955.21
2015-12-01,101.74,94.87,83.2,77.42,9822.06
2015-12-02,100.35,93.11,81.85,75.97,10102.89
2015-12-03,102.95,96.05,83.96,78.07,10081.57
2015-12-06,102.93,95.29,83.32,77.16,10238.02
2015-12-07,104.05,96.2,84.91,77.56,10057.74
2015-12-08,102.72,96.07,82.43,76.63,10034.19
2015-12-09,102.49,96.64,82.33,76.95,10035.45
2015-12-10,102.34,96.83,81.96,77.56,9946.12
2015-12-13,101.11,96.06,80.95,77.24,10118.9
2015-12-14,102.19,97.3,81.49,78.53,10278.47
2015-12-15,103.34,98.34,82.05,80.1,10374.23
2015-12-16,103.92,98.48,82.61,80.37,10679.96
2015-12-17,105.48,99.36,84.09,82.0,10629.97
2015-12-20,105.27,99.6,84.68,82.48,10699.61
2015-12-21,105.55,99.9,84.66,82.88,10809.24
2015-12-22,106.31,100.72,86.13,83.19,10638.16
2015-12-23,105.48,99.12,86.21,82.85,10633.19
2015-12-24,105.09,99.53,86.49,83.49,10726.99
2015-12-27,105.78,100.08,86.38,84.59,10515.36
2015-12-28,104.53,99.09,85.54,83.31,10653.71
2015-12-29,105.42,100.23,87.07,84.35,10806.7
2015-12-30,106.69,101.18,87.23,85.14,10614.38
2016-01-03,104.95,100.33,87.12,83.87,9694.84
2016-01-04,91.86,94.47,71.23,77.03,9452.04
2016-01-05,91.19,92.09,70.46,74.24,9709.57
2016-01-06,92.4,93.89,72.42,76.41,8856.49
2016-01-07,87.39,89.48,67.06,70.62,8876.25
2016-01-10,87.15,89.42,66.59,70.54,8205.12
2016-01-11,82.65,84.79,62.64,65.73,8187.96
2016-01-12,81.74,83.95,62.0,65.84,7836.12
2016-01-13,80.36,81.39,60.49,63.6,8157.74
2016-01-14,81.44,84.14,62.09,65.91,7868.17
2016-01-17,79.72,81.55,60.37,63.42,8060.88
2016-01-18,80.86,83.58,61.69,64.82,8388.38
2016-01-19,83.11,86.0,64.26,67.39,8321.39
2016-01-20,82.48,85.87,63.62,66.79,7944.57
2016-01-21,79.8,82.8,61.12,64.23,8074.29
2016-01-24,81.01,83.75,62.09,65.03,8180.5
2016-01-25,81.37,84.69,62.33,66.22,7545.54
2016-01-26,76.84,79.67,57.69,61.31,7466.75
2016-01-27,76.62,78.93,57.17,60.59,7100.9
2016-01-28,73.25,75.75,54.56,57.38,7385.76
2016-01-31,75.79,78.96,57.34,60.03,7292.61
2016-02-01,75.53,77.71,56.64,58.96,7576.07
2016-02-02,77.62,80.32,58.92,61.33,7630.46
2016-02-03,77.91,80.69,59.07,61.69,7807.4
2016-02-04,79.67,81.97,60.55,62.51,7718.71
2016-02-14,78.56,80.84,60.0,61.96,7726.37
2016-02-15,77.55,80.98,59.59,61.98,8069.59
2016-02-16,80.77,83.99,62.41,64.41,8202.15
2016-02-17,81.65,85.02,63.03,66.24,8176.14
2016-02-18,82.01,85.06,63.32,65.81,8239.26
2016-02-21,89.44,85.48,70.1,66.12,8407.85
2016-02-22,84.06,86.98,64.63,67.66,8357.36
2016-02-23,84.07,86.43,64.72,66.85,8364.66
2016-02-24,83.69,86.25,64.33,67.31,7702.59
2016-02-25,78.54,81.45,59.58,61.56,7666.82
2016-02-28,79.0,81.4,59.74,61.55,7183.68
2016-02-29,74.91,76.39,55.37,56.61,7345.09
2016-03-01,75.83,77.48,56.8,57.09,7711.89
2016-03-02,78.76,80.21,59.3,60.02,7727.16
2016-03-03,78.94,80.11,59.04,60.28,7418.8
2016-03-06,76.91,77.95,56.75,58.22,7600.44
2016-03-07,77.94,79.16,58.13,59.53,7670.69
2016-03-08,78.63,80.33,58.2,60.41,7500.17
2016-03-09,77.8,79.75,57.32,58.86,7376.7
2016-03-10,77.07,77.97,56.74,58.0,7349.57
2016-03-13,76.92,77.57,56.79,57.78,7640.13
2016-03-14,79.38,80.21,58.86,59.61,7571.82
2016-03-15,79.19,80.08,58.79,59.37,7484.23
2016-03-16,78.28,79.28,58.14,59.04,7779.88
2016-03-17,80.68,81.46,60.23,61.27,8097.2
2016-03-20,81.38,83.65,61.94,63.1,8325.98
2016-03-21,82.71,85.68,63.46,64.81,8311.21
2016-03-22,82.48,85.45,63.69,65.22,8408.64
2016-03-23,83.21,86.33,64.3,66.0,8279.65
2016-03-24,82.59,85.86,63.44,65.44,8343.24
2016-03-27,82.7,86.22,63.38,66.42,8298.78
2016-03-28,82.64,85.92,63.71,66.4,8119.0
2016-03-29,81.66,84.17,62.02,65.28,8438.68
2016-03-30,83.33,86.17,64.96,66.91,8447.18
2016-03-31,83.42,86.17,65.43,67.07,8389.29
2016-04-04,83.04,84.97,64.5,67.08,8635.67
2016-04-05,84.89,86.81,66.1,68.62,8691.23
2016-04-06,85.72,87.56,67.55,69.47,8549.51
2016-04-07,84.4,86.48,66.92,68.12,8484.17
2016-04-10,84.57,86.05,66.15,67.44,8677.41
2016-04-11,85.59,87.38,67.96,68.2,8608.37
2016-04-12,85.43,87.19,66.5,67.34,8729.84
2016-04-13,86.1,88.37,66.98,67.92,8837.02
2016-04-14,86.95,88.86,67.66,68.88,8841.09
2016-04-17,87.29,88.88,67.41,69.33,8715.85
2016-04-18,85.95,87.48,66.46,67.86,8754.5
2016-04-19,85.89,87.02,66.84,67.97,8312.2
2016-04-20,82.91,83.01,64.1,64.32,8198.51
2016-04-21,82.28,82.78,63.31,63.84,8282.42
2016-04-24,83.47,82.55,64.09,64.22,8232.48
2016-04-25,83.25,81.24,63.52,62.48,8343.42
2016-04-26,84.19,80.85,63.94,62.59,8323.46
2016-04-27,84.21,81.17,64.01,61.98,8303.56
2016-04-28,83.71,79.48,63.56,61.23,8291.7
2016-05-02,83.74,79.4,63.79,60.35,8558.58
2016-05-03,85.97,81.09,65.87,62.11,8565.11
2016-05-04,86.29,80.94,66.1,62.34,8628.74
2016-05-05,86.96,81.53,66.54,62.78,8276.03
2016-05-08,84.33,78.72,63.83,60.44,7918.15
2016-05-09,81.4,75.89,61.77,58.34,7898.66
2016-05-10,81.33,76.03,61.24,58.12,7823.98
2016-05-11,80.5,75.81,60.94,57.49,7821.91
2016-05-12,80.24,75.69,60.18,57.59,7806.96
2016-05-15,80.06,75.49,60.42,57.38,7961.15
2016-05-16,81.67,76.49,61.96,58.52,7961.5
2016-05-17,81.18,76.55,61.85,58.75,7711.95
2016-05-18,78.95,75.58,59.56,56.95,7767.32
2016-05-19,79.34,75.39,59.81,57.71,7860.13
2016-05-22,80.19,76.4,60.91,58.59,7995.58
2016-05-23,81.37,77.21,61.79,59.05,7913.68
2016-05-24,80.51,76.39,61.74,58.72,7889.73
2016-05-25,80.66,76.51,61.76,59.02,7929.47
2016-05-26,80.83,76.91,62.01,59.27,7912.86
2016-05-29,80.83,76.38,62.01,58.78,7867.6
2016-05-30,81.16,76.22,61.27,58.07,8197.56
2016-05-31,82.8,78.41,63.63,60.22,8270.52
2016-06-01,83.54,79.15,63.99,60.92,8369.43
2016-06-02,84.23,80.54,64.52,62.08,8391.76
2016-06-05,84.47,79.94,65.12,61.79,8422.47
2016-06-06,84.69,80.14,65.29,62.61,8434.67
2016-06-07,84.64,79.73,65.47,62.97,8431.89
2016-06-12,86.81,81.49,66.53,64.94,8000.82
2016-06-13,83.92,79.5,64.24,62.0,8038.59
2016-06-14,84.61,79.58,64.9,62.15,8340.54
2016-06-15,86.3,81.24,66.66,64.48,8358.03
2016-06-16,86.28,81.68,67.44,64.52,8414.51
2016-06-19,87.2,82.33,68.17,65.14,8457.93
2016-06-20,86.99,83.37,68.43,65.16,8350.76
2016-06-21,85.81,82.24,67.64,64.26,8513.54
2016-06-22,86.78,82.65,68.12,65.54,8495.78
2016-06-23,87.5,82.89,68.46,65.22,8428.82
2016-06-26,86.72,82.49,67.59,64.83,8646.16
2016-06-27,88.22,83.91,68.84,66.37,8730.2
2016-06-28,88.92,84.07,70.48,67.19,8745.82
2016-06-29,89.08,83.93,70.26,66.9,8741.1
2016-06-30,88.57,83.58,70.25,67.11,8710.52
2016-07-03,88.51,83.82,70.22,66.73,8874.07
2016-07-04,89.16,84.87,71.41,68.53,8914.84
2016-07-05,89.5,85.23,71.7,69.18,8947.14
2016-07-06,89.29,85.58,71.23,69.24,8954.28
2016-07-07,89.33,85.63,71.01,69.02,8939.26
2016-07-10,89.28,85.54,70.68,68.71,8875.0
2016-07-11,88.75,84.82,70.53,67.77,8943.06
2016-07-12,89.48,85.46,71.28,68.45,9023.24
2016-07-13,89.67,86.15,72.45,70.09,9042.76
2016-07-14,89.99,86.41,72.41,69.64,8982.89
2016-07-17,89.9,86.07,71.45,69.07,8937.86
2016-07-18,89.77,85.63,71.17,68.88,8996.83
2016-07-19,89.37,85.93,71.71,69.19,8997.89
2016-07-20,90.03,86.31,71.75,68.95,9007.55
2016-07-21,89.9,86.43,71.93,68.96,8931.97
2016-07-24,89.03,85.81,70.79,68.63,8925.34
2016-07-25,89.29,86.31,71.3,68.59,9035.56
2016-07-26,90.05,87.1,72.28,69.71,8602.92
2016-07-27,87.75,83.16,68.94,66.52,8571.56
2016-07-28,86.96,82.61,68.16,66.17,8501.09
2016-07-31,86.91,82.84,67.64,65.84,8363.61
2016-08-01,85.75,81.71,66.62,64.61,8445.78
2016-08-02,86.38,82.74,67.28,65.06,8482.2
2016-08-03,86.16,82.18,67.46,65.16,8553.01
2016-08-04,86.85,82.54,67.77,65.83,8505.36
2016-08-07,86.08,82.26,67.32,65.07,8607.4
2016-08-08,87.05,82.85,67.89,65.94,8699.39
2016-08-09,88.05,83.62,69.03,66.32,8671.78
2016-08-10,87.94,83.14,68.72,65.6,8531.69
2016-08-11,86.78,83.1,67.54,65.1,8615.05
2016-08-14,87.28,83.07,67.95,65.48,8807.83
2016-08-15,88.73,84.16,69.35,66.76,8877.07
2016-08-16,89.09,84.28,69.72,66.62,8911.75
2016-08-17,89.53,84.57,70.24,67.08,8908.32
2016-08-18,89.66,84.14,70.43,67.09,8923.36
2016-08-21,89.44,84.43,70.18,67.78,8810.84
2016-08-22,88.73,83.97,69.99,66.76,8820.21
2016-08-23,88.7,83.6,70.3,66.82,8850.51
2016-08-24,88.85,83.18,70.36,66.52,8784.58
2016-08-25,87.7,82.8,70.18,65.99,8814.46
2016-08-28,88.32,82.92,70.25,65.83,8836.99
2016-08-29,88.86,83.23,71.04,65.22,8838.46
2016-08-30,88.86,83.21,71.28,64.95,8838.38
2016-08-31,89.1,82.49,71.11,64.65,8770.75
2016-09-01,88.65,82.43,70.48,64.26,8724.94
2016-09-04,88.45,81.72,70.88,64.32,8761.96
2016-09-05,88.76,82.54,71.14,64.36,8906.87
2016-09-06,90.03,82.82,72.53,65.51,8897.8
2016-09-07,90.22,82.47,72.37,65.27,8938.43
2016-09-08,89.86,82.63,72.87,65.49,8872.31
2016-09-11,89.71,82.26,71.61,65.32,8587.4
2016-09-12,87.45,80.58,69.07,63.06,8656.68
2016-09-13,87.89,80.91,69.5,63.25,8618.15
2016-09-18,87.61,80.11,69.1,63.05,8716.49
2016-09-19,88.88,81.2,70.2,64.13,8712.28
2016-09-20,88.82,81.67,70.17,64.34,8732.0
2016-09-21,88.97,81.29,70.06,64.23,8770.09
2016-09-22,89.38,82.43,70.75,64.73,8729.61
2016-09-25,88.96,81.75,70.3,64.78,8544.18
2016-09-26,87.4,80.77,68.41,63.05,8604.1
2016-09-27,87.76,81.13,69.06,63.48,8592.13
2016-09-28,88.2,80.65,68.65,63.05,8618.61
2016-09-29,87.93,80.87,69.09,62.99,8661.02
2016-10-09,88.52,81.06,69.27,63.43,8842.82
2016-10-10,89.72,82.33,70.58,64.78,8903.46
2016-10-11,90.27,82.77,71.66,65.06,8915.44
2016-10-12,90.45,82.95,72.19,65.4,8929.51
2016-10-13,90.09,82.81,72.09,64.88,8913.7
2016-10-16,90.23,82.69,71.61,65.21,8832.09
2016-10-17,89.66,82.35,70.75,64.67,8966.69
2016-10-18,90.75,82.97,72.06,65.59,8954.2
2016-10-19,90.97,83.14,72.06,65.21,8995.41
2016-10-20,91.46,82.89,72.47,65.62,8943.01
2016-10-23,91.18,82.37,72.64,65.28,9000.7
2016-10-24,91.51,82.17,73.18,64.87,9039.48
2016-10-25,91.85,82.67,73.09,64.36,9000.76
2016-10-26,91.69,81.83,72.53,64.87,8997.02
2016-10-27,91.7,82.5,72.19,63.97,8914.62
2016-10-30,91.17,80.09,71.79,62.31,8910.51
2016-10-31,90.6,78.64,71.31,61.49,9006.79
2016-11-01,91.31,79.48,72.74,62.38,8946.74
2016-11-02,91.02,78.93,72.39,61.85,9004.85
2016-11-03,91.21,79.19,72.62,61.98,8979.93
2016-11-06,91.29,79.09,73.26,62.11,8975.57
2016-11-07,91.26,78.81,72.87,61.77,9030.73
2016-11-08,91.87,79.6,73.14,62.4,8967.6
2016-11-09,91.21,78.77,72.21,61.68,9083.84
2016-11-10,92.21,79.81,73.39,62.46,9121.51
2016-11-13,92.19,79.64,73.73,62.65,9152.17
2016-11-14,92.24,80.21,73.84,63.39,9197.86
2016-11-15,92.52,80.66,73.97,63.56,9211.95
2016-11-16,92.88,81.01,74.64,63.76,9174.44
2016-11-17,92.63,80.64,73.79,62.91,9146.21
2016-11-20,92.89,80.46,73.56,62.93,9167.49
2016-11-21,92.95,80.72,73.8,62.94,9244.21
2016-11-22,93.56,81.29,74.56,63.23,9180.01
2016-11-23,92.9,81.06,74.22,63.05,9116.57
2016-11-24,93.23,80.25,73.5,62.22,9134.82
2016-11-27,92.98,81.03,73.8,62.28,9133.91
2016-11-28,92.59,80.92,73.35,61.96,9031.29
2016-11-29,92.52,79.94,72.81,61.39,9014.91
2016-11-30,92.72,79.87,72.85,61.33,9055.99
2016-12-01,92.81,80.03,73.16,61.17,8900.41
2016-12-04,91.11,78.51,71.25,60.56,8851.52
2016-12-05,91.37,78.69,71.33,60.53,8871.73
2016-12-06,91.0,78.83,71.34,60.61,8969.14
2016-12-07,92.26,79.39,72.17,61.09,8914.51
2016-12-08,91.56,79.01,71.23,60.84,8881.34
2016-12-11,94.48,81.56,74.74,63.37,8397.48
2016-12-12,90.06,78.53,70.47,59.81,8433.59
2016-12-13,90.83,78.65,70.57,59.82,8378.06
2016-12-14,90.54,77.88,69.98,59.69,8467.71
2016-12-15,91.1,78.78,70.76,60.57,8559.99
2016-12-18,91.78,79.45,71.92,61.14,8551.33
2016-12-19,91.71,79.3,71.86,61.41,8546.19
2016-12-20,91.81,79.65,71.57,61.31,8609.41
2016-12-21,92.8,80.02,71.9,61.22,8607.95
2016-12-22,92.84,80.0,72.77,61.42,8509.36
2016-12-25,92.52,79.24,71.93,60.95,8547.1
2016-12-26,92.43,79.31,72.16,61.51,8555.99
2016-12-27,92.54,79.37,71.85,61.42,8521.38
2016-12-28,92.37,79.28,72.23,60.95,8488.3
2016-12-29,92.46,78.98,71.84,60.9,8490.86
2017-01-02,92.42,78.95,71.52,60.83,8565.14
2017-01-03,92.61,79.48,71.68,61.6,8669.95
2017-01-04,93.31,80.18,73.41,62.5,8670.76
2017-01-05,92.73,80.18,73.1,62.09,8609.9
2017-01-08,93.0,79.51,73.02,61.27,8653.85
2017-01-09,92.69,79.38,73.16,61.25,8609.55
2017-01-10,92.21,79.52,72.95,61.47,8519.84
2017-01-11,92.0,79.14,72.57,61.05,8443.26
2017-01-12,91.57,78.97,71.73,60.69,8286.24
2017-01-15,89.44,77.34,69.99,59.45,7931.96
2017-01-16,87.21,73.96,67.18,56.66,8028.65
2017-01-17,88.45,74.7,68.16,57.42,7989.14
2017-01-18,88.15,74.18,67.8,57.31,7955.39
2017-01-19,87.65,73.96,67.26,57.41,8087.77
2017-01-22,88.79,74.8,68.8,58.17,8169.11
2017-01-23,89.38,75.29,69.2,58.28,8123.59
2017-01-24,88.66,75.09,68.29,57.91,8150.6
2017-01-25,89.04,74.78,68.56,58.08,8205.87
2017-02-02,89.38,75.31,68.58,58.66,8182.28
2017-02-05,89.8,75.0,68.71,58.45,8280.01
2017-02-06,89.68,75.96,69.25,59.12,8282.37
2017-02-07,89.39,76.01,69.21,58.89,8342.43
2017-02-08,89.64,76.63,70.41,59.11,8410.26
2017-02-09,90.09,77.29,71.1,59.71,8380.79
2017-02-12,89.88,76.95,70.76,59.55,8432.96
2017-02-13,90.69,77.42,71.17,59.73,8423.84
2017-02-14,90.33,77.31,71.21,59.37,8344.07
2017-02-15,89.49,76.86,70.17,59.13,8397.56
2017-02-16,89.76,77.45,70.7,59.91,8324.42
2017-02-19,89.46,77.01,70.32,59.48,8397.24
2017-02-20,89.63,77.62,70.89,59.97,8479.61
2017-02-21,89.99,78.31,71.47,60.92,8510.31
2017-02-22,90.51,78.46,71.47,60.69,8512.7
2017-02-23,90.39,78.29,71.2,60.23,8543.45
2017-02-26,90.8,77.73,71.52,60.08,8476.91
2017-02-27,90.11,78.43,71.17,59.39,8508.09
2017-02-28,90.12,76.46,71.25,57.98,8526.47
2017-03-01,90.63,76.11,71.07,58.04,8471.44
2017-03-02,90.05,76.11,70.77,57.68,8505.45
2017-03-05,90.4,75.91,71.4,58.26,8608.15
2017-03-06,91.63,77.0,71.86,59.01,8624.47
2017-03-07,91.81,77.57,71.5,59.29,8589.87
2017-03-08,91.38,77.43,71.29,58.7,8535.56
2017-03-09,90.75,77.17,70.6,58.39,8537.78
2017-03-12,90.45,77.33,71.32,58.28,8598.52
2017-03-13,91.13,78.1,71.38,59.34,8581.71
2017-03-14,90.85,77.52,71.53,58.81,8574.03
2017-03-15,90.73,77.96,71.35,59.09,8664.98
2017-03-16,91.27,77.6,72.08,59.28,8603.87
2017-03-19,90.33,77.78,70.72,58.79,8634.84
2017-03-20,82.22,77.65,61.81,59.14,8639.57
2017-03-21,82.26,77.72,61.75,59.37,8592.51
2017-03-22,83.03,78.5,61.71,59.38,8590.96
2017-03-23,82.47,77.95,61.88,59.17,8602.29
2017-03-26,82.33,77.91,62.11,59.57,8586.91
2017-03-27,82.5,77.79,61.89,59.17,8558.07
2017-03-28,82.48,77.53,61.61,59.47,8488.22
2017-03-29,81.77,77.21,61.21,58.45,8315.05
2017-03-30,79.78,76.14,59.18,57.13,8339.15
2017-04-04,80.63,76.43,59.91,57.89,8522.01
2017-04-05,81.82,77.52,61.22,58.82,8543.66
2017-04-06,82.0,77.66,61.18,59.39,8544.75
2017-04-09,82.08,77.67,61.71,59.42,8449.16
2017-04-10,81.44,76.7,60.16,58.0,8514.44
2017-04-11,81.76,76.83,60.4,58.35,8444.39
2017-04-12,80.89,76.17,59.04,57.21,8470.31
2017-04-13,80.31,76.04,58.9,57.1,8345.65
2017-04-16,79.56,75.28,58.25,56.36,8220.66
2017-04-17,77.07,73.79,56.74,55.63,8136.41
2017-04-18,75.89,72.67,55.83,54.83,8033.5
2017-04-19,76.01,72.79,55.47,54.3,7987.65
2017-04-20,76.27,72.98,55.49,53.99,7945.39
2017-04-23,76.03,73.3,55.56,53.9,7698.28
2017-04-24,75.28,71.84,54.59,51.72,7724.0
2017-04-25,74.63,71.96,53.62,51.81,7751.94
2017-04-26,73.4,70.94,53.64,50.45,7799.12
2017-04-27,73.96,70.82,54.36,51.38,7842.08
2017-05-01,72.79,70.79,54.11,51.83,7845.47
2017-05-02,73.1,70.49,53.78,51.4,7830.64
2017-05-03,72.44,70.41,53.6,51.45,7804.58
2017-05-04,71.93,69.69,53.4,51.03,7700.26
2017-05-07,71.61,69.45,52.96,50.28,7555.28
2017-05-08,71.12,68.44,52.78,49.62,7602.96
2017-05-09,71.7,68.16,53.07,50.09,7451.78
2017-05-10,71.05,67.11,51.67,48.67,7387.15
2017-05-11,70.52,68.0,51.24,48.97,7371.3
2017-05-14,70.3,67.85,51.16,48.94,7391.61
2017-05-15,70.5,68.05,51.17,49.07,7549.76
2017-05-16,72.04,68.98,52.69,49.99,7570.44
2017-05-17,72.06,69.53,53.23,50.5,7519.19
2017-05-18,71.57,68.63,52.63,49.89,7510.11
2017-05-21,71.28,68.3,52.5,49.8,7372.79
2017-05-22,70.32,67.43,51.17,48.92,7138.24
2017-05-23,68.8,65.83,49.57,47.38,7172.14
2017-05-24,68.73,65.89,49.67,47.7,7232.63
2017-05-25,69.01,66.15,50.33,47.99,7233.34
2017-05-30,68.51,66.42,50.25,48.03,7212.7
2017-05-31,68.88,65.98,49.99,48.26,7016.3
2017-06-01,67.09,64.73,48.48,46.65,7094.43
2017-06-04,67.71,65.3,49.2,47.08,7160.53
2017-06-05,68.34,65.65,49.54,47.34,7197.62
2017-06-06,69.03,66.06,50.06,47.47,7347.6
2017-06-07,69.44,66.39,50.91,48.48,7342.48
2017-06-08,69.63,66.36,50.78,48.45,7348.52
2017-06-11,68.67,64.97,50.81,48.62,7246.71
2017-06-12,67.81,64.19,50.05,47.56,7352.98
2017-06-13,68.64,64.98,50.73,48.28,7362.86
2017-06-14,68.88,64.98,50.78,48.24,7455.39
2017-06-15,69.57,65.9,51.49,49.06,7442.95
2017-06-18,69.12,65.46,51.21,48.86,7489.76
2017-06-19,69.58,66.17,51.72,49.01,7503.8
2017-06-20,69.42,65.99,51.67,48.93,7504.19
2017-06-21,69.66,66.22,51.54,48.93,7371.96
2017-06-22,69.07,64.97,50.75,48.12,7376.67
2017-06-25,69.07,65.48,50.8,48.38,7462.1
2017-06-26,69.53,65.37,51.24,48.83,7474.03
2017-06-27,69.36,65.99,51.24,49.1,7423.47
2017-06-28,68.85,66.03,50.97,48.7,7456.67
2017-06-29,69.17,66.04,51.19,48.8,7465.76
2017-07-02,69.13,65.51,51.09,48.66,7537.11
2017-07-03,69.81,66.13,51.69,49.12,7523.7
2017-07-04,69.77,66.09,51.69,49.12,7588.09
2017-07-05,70.2,66.69,52.08,49.56,7601.79
2017-07-06,70.28,66.76,52.33,49.44,7623.38
2017-07-09,70.54,67.02,52.21,49.7,7577.82
2017-07-10,70.06,66.51,52.08,49.31,7484.06
2017-07-11,69.41,65.64,51.31,48.93,7474.33
2017-07-12,69.25,65.74,51.4,48.73,7474.3
2017-07-13,68.95,65.98,50.96,48.78,7433.18
2017-07-16,68.76,65.19,50.83,48.75,7048.54
2017-07-17,65.46,62.82,47.24,45.62,7109.6
2017-07-18,65.73,63.01,47.63,45.68,7202.81
2017-07-19,66.5,63.69,48.83,46.22,7244.9
2017-07-20,66.87,63.7,48.79,46.52,7252.71
2017-07-23,66.91,63.65,48.62,46.09,7292.65
2017-07-24,67.26,64.0,49.06,46.46,7278.84
2017-07-25,67.22,63.64,48.83,46.3,7289.88
2017-07-26,67.3,63.64,49.03,46.59,7383.11
2017-07-27,68.18,64.61,49.93,47.28,7386.21
2017-07-30,68.08,64.18,50.26,47.3,7444.96
2017-07-31,68.03,64.7,50.5,47.01,7452.93
2017-08-01,68.15,64.36,49.85,46.77,7389.51
2017-08-02,67.76,64.21,49.68,46.42,7424.11
2017-08-03,67.93,63.71,49.73,46.39,7389.15
2017-08-06,67.2,63.39,49.02,46.09,7445.18
2017-08-07,67.71,63.71,49.46,46.19,7470.69
2017-08-08,67.77,63.66,49.47,46.27,7495.39
2017-08-09,67.72,63.82,49.77,46.38,7441.24
2017-08-10,67.13,63.04,49.05,45.57,7328.4
2017-08-13,67.17,62.57,48.89,45.16,7474.64
2017-08-14,68.05,63.63,49.95,46.41,7507.29
2017-08-15,68.34,63.52,50.13,46.4,7544.39
2017-08-16,68.85,63.79,50.46,46.8,7614.21
2017-08-17,68.82,64.04,51.23,47.52,7576.05
2017-08-20,69.42,63.17,50.9,46.81,7631.75
2017-08-21,69.22,63.06,51.58,46.76,7585.11
2017-08-22,69.77,62.65,51.09,46.25,7534.46
2017-08-23,69.38,61.52,50.62,46.18,7486.06
2017-08-24,68.94,60.9,50.1,45.87,7559.31
2017-08-27,69.65,61.24,50.69,46.42,7642.65
2017-08-28,70.01,61.28,51.52,46.64,7623.26
2017-08-29,70.14,60.81,51.44,45.8,7654.37
2017-08-30,70.12,61.14,51.63,46.25,7679.87
2017-08-31,69.85,62.02,51.66,46.68,7739.91
2017-09-03,70.17,62.26,52.1,46.96,7798.18
2017-09-04,70.8,62.87,52.39,47.29,7800.54
2017-09-05,71.21,62.97,52.25,46.98,7858.28
2017-09-06,71.27,63.26,52.55,47.28,7823.4
2017-09-07,70.99,63.03,52.51,47.12,7838.8
2017-09-10,70.4,63.24,52.53,47.53,7920.69
2017-09-11,70.65,63.65,53.19,47.92,7899.42
2017-09-12,71.14,63.38,53.06,47.73,7928.75
2017-09-13,71.83,63.56,53.42,47.63,7916.67
2017-09-14,71.43,63.45,53.44,47.91,7880.57
2017-09-17,71.34,63.06,53.28,47.63,7941.68
2017-09-18,71.65,63.59,53.63,47.87,7905.7
2017-09-19,71.3,63.52,53.64,47.91,7975.39
2017-09-20,71.5,63.86,54.0,48.18,7886.52
2017-09-21,70.94,63.13,53.35,47.95,7849.73
2017-09-24,70.86,63.11,53.27,48.05,7731.8
2017-09-25,70.02,62.42,52.23,47.48,7746.24
2017-09-26,69.78,62.12,52.3,47.12,7810.23
2017-09-27,70.34,62.63,52.7,47.39,7768.38
2017-09-28,69.92,62.21,52.07,47.07,7842.59
2017-10-08,70.33,62.87,52.77,47.5,7941.18
2017-10-09,70.47,63.69,53.56,48.58,7994.46
2017-10-10,71.42,63.71,53.48,48.59,7961.11
2017-10-11,71.58,63.36,53.44,48.33,7940.14
2017-10-12,71.94,63.44,53.28,48.46,7972.42
2017-10-15,71.7,63.39,53.45,48.58,7819.59
2017-10-16,71.15,62.72,52.31,47.42,7805.07
2017-10-17,71.33,62.76,52.16,47.29,7730.27
2017-10-18,70.3,62.08,51.85,46.6,7656.06
2017-10-19,69.59,61.4,51.23,45.76,7751.43
2017-10-22,70.71,61.8,52.05,46.44,7793.54
2017-10-23,70.83,62.07,52.07,46.76,7752.92
2017-10-24,70.36,61.67,51.99,46.22,7799.75
2017-10-25,70.53,61.92,52.45,46.6,7830.11
2017-10-26,71.07,62.44,52.6,46.96,7770.71
2017-10-29,70.57,61.84,52.43,46.04,7574.65
2017-10-30,68.81,59.55,50.97,44.73,7631.53
2017-10-31,69.39,59.38,51.48,44.63,7635.44
2017-11-01,69.17,59.7,51.24,44.83,7542.35
2017-11-02,68.79,59.49,50.27,44.39,7476.98
2017-11-05,68.24,59.33,49.77,43.77,7551.35
2017-11-06,68.93,59.62,50.44,44.14,7596.17
2017-11-07,69.08,59.67,50.49,44.43,7617.52
2017-11-08,69.28,59.59,50.71,44.73,7656.67
2017-11-09,69.42,59.92,50.74,44.9,7669.97
2017-11-12,69.53,59.78,50.59,44.78,7681.63
2017-11-13,69.64,59.82,50.38,44.63,7627.49
2017-11-14,69.17,59.33,50.36,44.22,7556.42
2017-11-15,68.54,58.79,49.83,43.83,7535.59
2017-11-16,68.3,58.63,49.98,43.79,7272.66
2017-11-19,66.15,57.17,48.24,41.93,7292.46
2017-11-20,66.7,57.54,47.95,42.54,7289.31
2017-11-21,66.86,57.47,48.4,42.36,7297.39
2017-11-22,66.73,57.58,48.49,42.34,7129.05
2017-11-23,66.32,57.11,47.54,41.72,7139.55
2017-11-26,65.86,57.17,47.39,41.57,7065.84
2017-11-27,65.62,56.51,47.08,41.15,7176.92
2017-11-28,66.72,57.13,47.88,41.6,7193.12
2017-11-29,66.73,57.09,48.21,41.61,7153.57
2017-11-30,66.42,56.82,47.66,41.37,7215.78
2017-12-03,66.53,56.83,48.09,41.82,7139.75
2017-12-04,65.94,56.38,47.43,41.5,6946.56
2017-12-05,64.59,55.86,45.83,40.25,7016.76
2017-12-06,64.81,56.48,46.48,40.49,7012.71
2017-12-07,64.92,55.77,46.92,40.21,7078.0
2017-12-10,65.54,55.57,46.42,40.16,7160.43
2017-12-11,66.35,56.25,47.19,40.61,7095.59
2017-12-12,65.65,55.68,46.58,40.28,7139.72
2017-12-13,66.1,56.03,46.78,40.5,7146.45
2017-12-14,65.9,56.09,46.68,40.57,7122.75
2017-12-17,66.1,56.08,46.53,40.34,7075.87
2017-12-18,65.59,56.09,46.55,40.3,7115.85
2017-12-19,65.78,56.52,46.86,40.56,7041.5
2017-12-20,65.03,55.89,46.52,40.2,7051.34
2017-12-21,65.34,55.59,46.46,40.3,7037.4
2017-12-24,65.66,55.35,46.23,40.05,6940.51
2017-12-25,64.64,54.55,45.46,39.51,6970.75
2017-12-26,64.75,55.14,45.61,39.79,6942.54
2017-12-27,64.48,54.61,45.39,39.73,6956.48
2017-12-28,64.72,55.37,45.44,39.57,7017.35
2018-01-01,65.08,55.39,46.06,39.85,7092.09
2018-01-02,65.49,55.34,46.5,40.0,7159.88
2018-01-03,65.88,56.14,46.76,40.68,7174.86
2018-01-04,66.23,56.18,46.64,40.63,7176.87
2018-01-07,66.06,56.24,46.48,40.68,7188.29
2018-01-08,66.58,56.47,46.85,40.54,7176.74
2018-01-09,66.71,56.39,47.01,40.19,7138.78
2018-01-10,66.39,56.14,46.79,40.0,7175.4
2018-01-11,67.06,56.57,47.54,40.46,7127.83
2018-01-14,66.52,56.12,47.03,40.11,6929.31
2018-01-15,64.6,54.71,45.51,39.16,6960.68
2018-01-16,64.92,54.91,45.41,39.15,6942.86
2018-01-17,64.31,54.8,45.23,39.26,6955.23
2018-01-18,64.29,54.8,45.19,39.13,6938.31
2018-01-21,64.17,54.75,45.08,38.77,7014.55
2018-01-22,64.84,55.27,45.43,39.12,7019.98
2018-01-23,65.41,55.62,45.96,39.53,7072.41
2018-01-24,65.9,55.83,46.49,40.05,7062.64
2018-01-25,65.3,55.73,46.39,39.77,7056.01
2018-01-28,65.18,55.64,46.22,39.62,6972.48
2018-01-29,64.3,54.83,45.29,39.23,6955.24
2018-01-30,64.16,54.68,45.15,39.0,6791.01
2018-01-31,62.46,53.33,44.27,38.09,6506.45
2018-02-01,61.11,50.86,42.82,36.44,6487.87
2018-02-04,60.31,50.85,42.59,35.93,6461.81
2018-02-05,60.27,50.24,42.5,35.96,6142.67
2018-02-06,57.99,48.21,39.83,33.94,6158.26
2018-02-07,57.87,48.34,40.3,33.94,6238.22
2018-02-08,58.66,48.7,41.08,34.28,6053.02
2018-02-11,57.07,48.16,39.94,33.62,6203.75
2018-02-12,58.53,49.35,41.32,34.51,6216.51
2018-02-13,58.62,48.9,41.26,34.43,6230.66
2018-02-21,58.7,48.96,41.13,34.82,6347.08
2018-02-22,59.56,49.55,42.01,35.38,6365.92
2018-02-25,59.76,49.4,42.21,35.43,6507.13
2018-02-26,59.83,50.85,42.1,36.52,6529.38
2018-02-27,60.19,51.26,42.29,36.24,6563.81
2018-02-28,60.12,51.94,42.59,36.41,6658.58
2018-03-01,61.11,52.83,43.2,37.31,6632.37
2018-03-04,57.71,52.69,39.51,36.97,6674.28
2018-03-05,57.98,53.13,39.87,36.98,6735.86
2018-03-06,59.24,53.62,41.38,37.45,6688.55
2018-03-07,58.02,53.23,39.84,37.08,6725.18
2018-03-08,58.42,53.64,39.97,37.3,6837.13
2018-03-11,59.15,54.45,40.93,37.79,6947.46
2018-03-12,60.26,55.49,41.25,38.48,6911.67
2018-03-13,59.73,55.03,40.9,38.45,6834.84
2018-03-14,58.99,54.56,40.44,37.87,6824.05
2018-03-15,58.77,54.62,40.38,37.7,6805.93
2018-03-20,58.72,54.48,40.37,37.94,6822.25
2018-03-21,58.58,54.37,40.01,38.03,6771.06
2018-03-22,58.08,54.08,39.48,37.48,6764.69
2018-03-23,58.2,54.45,39.64,37.8,6402.89
2018-03-26,54.86,50.99,37.02,35.63,6515.25
2018-03-27,56.03,52.26,37.73,36.58,6680.84
2018-03-28,57.22,54.0,38.85,37.78,6635.87
2018-03-29,57.7,53.66,39.46,37.5,6684.28
2018-03-30,56.6,53.48,38.58,37.63,6798.67
2018-04-02,57.02,54.23,39.7,37.99,6835.87
2018-04-03,56.69,54.5,39.51,38.1,6769.56
2018-04-04,56.33,54.05,39.36,38.09,6708.92
2018-04-09,54.97,53.25,38.69,37.75,6718.65
2018-04-10,55.39,53.55,38.96,37.88,6720.77
2018-04-11,55.47,53.32,39.14,37.73,6759.81
2018-04-12,55.53,53.46,39.17,37.68,6727.64
2018-04-13,54.88,53.22,39.29,37.75,6721.66
2018-04-16,54.88,53.1,39.18,37.75,6717.93
2018-04-17,54.17,52.71,38.58,37.42,6564.69
2018-04-18,52.91,51.51,37.61,36.35,6661.29
2018-04-19,53.87,52.72,38.05,37.1,6677.09
2018-04-20,54.42,52.87,38.33,37.14,6535.96
2018-04-23,52.77,52.12,37.4,36.36,6466.52
2018-04-24,52.24,51.8,36.95,35.84,6606.58
2018-04-25,53.53,52.39,37.81,36.52,6632.02
2018-04-26,53.82,52.41,38.25,37.15,6510.53
2018-04-27,53.18,51.48,37.8,36.14,6517.05
2018-05-02,53.46,51.3,37.76,36.7,6486.81
2018-05-03,53.29,50.78,37.53,36.55,6545.27
2018-05-04,53.77,51.39,37.93,37.17,6531.29
2018-05-07,53.84,51.23,37.89,37.0,6646.58
2018-05-08,54.54,52.14,38.4,37.41,6678.14
2018-05-09,54.62,52.51,38.64,37.57,6674.91
2018-05-10,54.7,52.58,38.53,37.6,6703.21
2018-05-11,55.2,52.78,38.89,37.76,6636.77
2018-05-14,55.05,52.13,38.74,37.5,6591.73
2018-05-15,54.59,51.69,38.06,37.07,6661.13
2018-05-16,55.02,52.31,38.3,37.53,6622.64
2018-05-17,54.91,51.93,38.33,37.19,6591.26
2018-05-18,54.66,51.97,38.28,37.22,6620.77
2018-05-21,54.94,52.26,38.24,37.22,6697.14
2018-05-22,55.34,52.88,38.63,37.78,6724.4
2018-05-23,55.56,53.1,38.81,37.91,6652.29
2018-05-24,54.44,52.32,38.22,37.47,6628.5
2018-05-25,54.31,52.56,38.05,37.32,6541.45
2018-05-28,54.02,51.65,37.57,36.98,6490.4
2018-05-29,53.55,50.89,37.46,36.7,6436.77
2018-05-30,53.11,50.5,37.14,36.31,6232.42
2018-05-31,51.7,49.2,35.49,35.45,6315.17
2018-06-01,52.42,49.9,36.36,35.85,6243.73
2018-06-04,51.77,49.29,36.09,35.37,6215.61
2018-06-05,51.58,49.13,35.78,34.96,6316.42
2018-06-06,52.44,49.94,36.51,35.82,6320.47
2018-06-07,52.42,49.91,36.61,35.87,6274.88
2018-06-08,52.01,49.44,36.27,35.73,6205.96
2018-06-11,50.88,48.04,35.75,35.2,6151.94
2018-06-12,50.71,47.6,35.32,34.56,6199.15
2018-06-13,50.75,47.9,35.61,34.76,6092.34
2018-06-14,50.04,46.73,34.98,34.25,6060.13
2018-06-15,49.85,46.74,34.7,34.27,5928.07
2018-06-20,45.93,42.78,31.56,30.81,5588.27
2018-06-21,46.17,42.97,31.89,31.43,5456.91
2018-06-22,45.03,42.24,31.04,30.48,5541.37
2018-06-25,45.64,42.87,31.36,30.91,5512.43
2018-06-26,45.52,42.43,31.2,30.72,5558.71
2018-06-27,46.11,42.98,31.63,31.14,5508.92
2018-06-28,45.79,42.72,31.32,30.92,5443.85
2018-06-29,44.94,42.16,31.04,30.39,5608.54
2018-07-02,46.37,43.52,31.71,31.47,5538.09
2018-07-03,46.18,43.07,31.79,31.24,5601.59
2018-07-04,46.71,43.82,32.53,31.41,5500.67
2018-07-05,46.09,42.98,31.77,30.99,5352.66
2018-07-06,45.12,42.07,30.71,30.28,5374.58
2018-07-09,45.1,42.3,30.71,30.3,5487.55
2018-07-10,45.91,43.12,31.53,30.92,5524.8
2018-07-11,46.21,43.39,31.92,31.23,5396.31
2018-07-12,44.97,41.59,30.89,30.11,5541.36
2018-07-13,45.97,42.71,31.73,30.89,5561.69
2018-07-16,46.05,42.79,31.85,31.0,5566.96
2018-07-17,46.11,42.57,31.44,30.88,5575.47
2018-07-18,46.28,42.7,31.44,30.78,5544.52
2018-07-19,45.71,42.73,31.07,30.59,5480.77
2018-07-20,45.05,42.1,30.59,30.32,5541.21
2018-07-23,45.01,42.58,30.96,30.68,5582.31
2018-07-24,45.38,42.61,31.21,30.91,5672.22
2018-07-26,46.2,43.38,31.86,31.41,5663.18
2018-07-27,46.37,43.22,31.81,31.26,5630.23
2018-07-30,46.02,42.94,31.63,31.53,5549.04
2018-07-31,44.74,42.15,31.04,30.89,5542.54
2018-08-01,44.97,42.18,30.94,30.39,5456.21
2018-08-02,44.55,41.5,30.43,29.69,5325.8
2018-08-03,43.41,41.18,29.72,28.63,5255.63
2018-08-06,42.87,41.03,29.21,28.59,5144.64
2018-08-07,41.97,40.47,28.84,28.2,5279.64
2018-08-08,42.98,41.13,29.38,28.97,5191.79
2018-08-09,42.26,40.53,28.83,28.38,5307.97
2018-08-10,43.23,40.9,29.4,29.25,5342.05
2018-08-13,43.55,40.85,29.64,29.52,5369.18
2018-08-14,43.79,41.26,30.1,29.72,5351.02
2018-08-15,43.74,41.12,29.95,29.65,5242.09
2018-08-16,42.76,40.38,29.46,28.93,5178.24
2018-08-17,42.32,40.11,29.04,28.43,5084.21
2018-08-20,41.51,39.92,28.69,28.01,5103.63
2018-08-21,41.45,39.51,28.92,27.95,5162.03
2018-08-22,41.91,39.55,29.18,28.24,5102.36
2018-08-23,41.4,39.35,28.55,27.88,5133.33
2018-08-24,41.65,39.54,28.87,28.05,5116.14
2018-08-27,41.44,39.22,28.57,28.05,5229.36
2018-08-28,42.43,40.01,29.22,28.53,5229.64
2018-08-29,42.39,40.55,29.49,28.55,5203.71
2018-08-30,42.32,40.35,29.34,28.43,5114.27
2018-08-31,41.54,39.6,28.82,28.0,5057.98
2018-09-03,41.34,38.91,28.41,27.73,5054.11
2018-09-04,41.3,39.17,28.51,27.64,5113.15
2018-09-05,41.87,39.74,28.96,27.93,5032.5
2018-09-06,41.23,38.87,28.42,27.54,5012.51
2018-09-07,41.11,38.87,28.08,27.61,5022.28
2018-09-10,40.98,38.96,27.99,27.66,4923.64
2018-09-11,40.64,38.42,27.4,26.99,4925.3
2018-09-12,41.18,38.61,27.75,27.07,4919.81
2018-09-13,41.18,38.61,27.79,27.09,4958.16
2018-09-14,41.26,39.23,27.88,27.26,4907.93
2018-09-17,40.76,38.72,27.77,26.92,4831.56
2018-09-18,40.6,38.31,27.54,26.53,4917.35
2018-09-19,41.05,39.31,27.94,27.18,4970.01
2018-09-20,41.46,39.15,28.34,27.37,4951.58
2018-09-21,40.48,39.31,28.3,26.94,5011.69
2018-09-25,40.92,38.91,28.54,27.36,4995.7
2018-09-26,40.8,39.69,28.32,27.58,5017.06
2018-09-27,40.93,39.21,28.46,27.34,4945.69
2018-09-28,40.46,39.01,28.26,26.77,4987.27
2018-10-08,40.54,39.35,28.15,27.05,4817.43
2018-10-09,39.37,37.92,27.33,26.0,4818.73
2018-10-10,39.42,38.13,27.26,26.03,4812.43
2018-10-11,39.41,37.9,27.0,25.89,4456.61
2018-10-12,37.13,35.15,25.09,23.95,4427.68
2018-10-15,36.97,34.94,24.73,23.73,4358.87
2018-10-16,36.71,34.44,24.55,23.49,4261.17
2018-10-17,35.98,33.7,24.18,23.02,4292.2
2018-10-18,36.33,34.32,24.5,23.13,4149.44
2018-10-19,36.5,33.06,23.79,22.39,4241.23
2018-10-22,36.72,34.04,24.21,22.93,4452.74
2018-10-23,37.07,35.32,25.15,23.92,4379.06
2018-10-24,36.79,34.87,24.86,23.52,4377.55
2018-10-25,36.56,34.61,24.81,23.54,4345.33
2018-10-26,36.49,34.62,24.7,23.37,4359.47
2018-10-29,36.66,35.2,24.76,23.37,4296.7
2018-10-30,36.78,34.71,24.48,22.79,4336.65
2018-10-31,36.6,35.35,24.72,23.13,4400.61
2018-11-01,36.82,35.0,25.03,23.4,4428.74
2018-11-02,36.86,35.33,25.28,23.55,4564.18
2018-11-05,37.87,36.32,25.85,24.16,4598.2
2018-11-06,38.22,36.47,26.26,24.35,4603.11
2018-11-07,38.27,36.5,26.14,24.39,4592.84
2018-11-08,37.95,36.44,25.94,24.33,4572.38
2018-11-09,38.16,36.34,25.77,24.09,4561.21
2018-11-12,38.13,36.3,25.9,24.08,4697.35
2018-11-14,39.5,37.5,27.34,25.45,4791.23
2018-11-15,39.62,37.56,27.27,25.43,4871.09
2018-11-16,40.16,38.0,28.06,25.89,4923.99
2018-11-19,40.6,38.49,28.53,26.0,4942.49
2018-11-20,40.76,38.97,28.44,26.01,4811.88
2018-11-21,39.66,38.01,27.57,25.44,4847.04
2018-11-22,40.0,38.39,27.88,25.59,4850.13
2018-11-23,40.08,38.46,27.87,25.58,4642.12
2018-11-26,39.04,36.72,26.54,24.57,4633.73
2018-11-27,39.31,36.69,26.41,24.47,4671.64
2018-11-28,39.68,36.97,26.63,24.77,4728.58
2018-11-29,40.16,37.43,27.23,25.13,4617.35
2018-11-30,39.14,36.45,26.57,24.47,4648.18
2018-12-03,39.09,36.63,26.78,24.63,4802.29
2018-12-04,39.85,37.9,27.63,25.6,4846.17
2018-12-05,40.53,38.03,27.83,25.63,4816.99
2018-12-06,40.49,37.76,27.67,25.61,4730.91
2018-12-07,40.11,37.07,27.3,25.22,4731.9
2018-12-10,40.09,37.09,27.33,25.18,4676.62
2018-12-11,39.58,36.63,27.04,24.89,4720.47
2018-12-12,39.99,37.1,27.16,25.04,4718.82
2018-12-13,39.98,37.03,27.2,25.05,4763.72
2018-12-14,40.31,37.62,27.42,25.44,4641.89
2018-12-17,38.78,36.61,26.93,25.2,4627.23
2018-12-18,38.75,36.61,27.06,25.04,4596.61
2018-12-19,38.52,36.1,26.89,24.96,4533.4
2018-12-20,38.0,35.64,26.55,24.61,4550.6
2018-12-21,38.17,35.81,26.85,24.72,4517.78
2018-12-24,37.9,35.86,26.79,24.6,4558.32
2018-12-25,38.27,36.22,27.04,24.8,4514.62
2018-12-26,37.84,35.86,26.85,24.49,4494.5
2018-12-27,37.71,35.73,26.75,24.4,4424.65
2018-12-28,37.62,35.17,26.18,23.99,4430.02
2019-01-02,37.65,35.18,26.28,23.99,4408.53
2019-01-03,37.83,35.15,26.16,23.98,4376.86
2019-01-04,37.34,34.96,26.09,23.95,4497.89
2019-01-07,38.14,36.01,26.78,24.48,4594.15
2019-01-08,38.72,36.57,27.35,25.0,4585.03
2019-01-09,38.89,36.45,27.21,25.06,4594.74
2019-01-10,38.95,36.25,27.4,25.05,4582.48
2019-01-11,38.86,36.47,27.44,25.09,4621.61
2019-01-14,39.27,36.87,27.61,25.32,4594.19
2019-01-15,38.98,36.66,27.46,25.25,4644.17
2019-01-16,39.73,36.81,27.7,25.39,4637.2
2019-01-17,39.13,36.74,27.59,25.42,4595.49
2019-01-18,38.75,36.34,27.22,25.15,4626.41
2019-01-21,38.92,36.5,27.44,25.38,4655.11
2019-01-22,39.17,36.76,27.52,25.61,4603.2
2019-01-23,38.5,36.39,26.92,25.23,4609.67
2019-01-24,38.86,36.41,27.05,25.3,4635.75
2019-01-25,38.86,36.97,27.36,25.48,4607.94
2019-01-28,38.81,36.59,27.06,25.29,4570.4
2019-01-29,38.43,36.23,26.71,25.19,4490.05
2019-01-30,37.85,35.42,26.21,24.71,4423.14
2019-01-31,37.23,34.79,25.68,24.47,4355.74
2019-02-01,37.05,34.05,25.06,24.01,4482.99
2019-02-11,37.49,35.09,25.92,24.69,4611.83
2019-02-12,38.59,36.15,26.51,25.3,4675.79
2019-02-13,39.18,36.73,26.82,25.56,4759.83
2019-02-14,39.69,37.43,27.48,26.12,4780.04
2019-02-15,39.64,37.34,27.58,26.16,4773.51
2019-02-18,39.58,37.31,27.64,26.11,4942.88
2019-02-19,40.66,38.54,28.43,26.94,4963.75
2019-02-20,40.65,38.77,28.54,27.01,4967.04
2019-02-21,40.91,38.73,28.53,26.87,4947.66
2019-02-22,40.47,38.58,28.4,26.75,5059.51
2019-02-25,41.16,39.46,29.09,27.25,5324.25
2019-02-26,43.05,41.32,30.38,28.59,5323.76
2019-02-27,43.06,41.52,30.49,28.46,5310.27
2019-02-28,42.9,42.14,30.4,28.79,5330.34
2019-03-01,43.07,42.83,30.35,29.87,5364.37
2019-03-04,43.36,43.04,30.39,30.13,5482.3
2019-03-05,44.31,43.68,30.96,30.42,5654.31
2019-03-06,45.53,45.15,31.83,31.69,5776.97
2019-03-07,46.34,46.13,32.34,32.32,5877.3
2019-03-08,46.67,46.04,33.35,32.84,5633.32
2019-03-11,45.62,44.39,32.03,31.18,5876.34
2019-03-12,47.46,45.85,33.43,32.73,6006.18
2019-03-13,48.09,46.66,33.92,33.14,5866.63
2019-03-14,47.76,46.68,33.28,32.71,5688.95
2019-03-15,46.21,45.44,32.37,31.74,5777.11
2019-03-18,47.17,45.76,32.72,32.09,5916.34
2019-03-20,48.12,47.12,33.28,32.94,5926.17
2019-03-21,47.66,47.27,32.94,32.75,5990.64
2019-03-22,48.03,47.91,33.15,33.0,6014.55
2019-03-25,48.03,47.95,33.58,33.11,5961.44
2019-03-26,47.9,46.94,33.25,32.96,5788.36
2019-03-27,45.85,45.26,32.26,31.89,5826.53
2019-03-28,45.8,45.28,32.56,32.18,5747.86
2019-03-29,45.18,45.35,32.26,31.94,5911.21
2019-04-01,45.87,46.18,32.76,32.83,6137.73
2019-04-02,47.97,47.19,33.8,33.91,6174.94
2019-04-03,47.79,48.08,33.78,33.97,6237.02
2019-04-04,48.23,48.46,34.28,34.09,6260.07
2019-04-08,48.31,48.29,34.29,34.03,6230.21
2019-04-09,48.01,48.02,34.0,33.95,6245.43
2019-04-10,48.04,48.89,33.96,33.8,6235.71
2019-04-11,48.43,49.27,33.87,33.84,6106.95
2019-04-12,47.89,48.32,33.08,33.18,6101.2
2019-04-15,47.41,48.42,32.72,33.09,6052.05
2019-04-16,47.32,48.56,33.02,33.01,6179.8
2019-04-17,47.19,49.63,33.33,34.07,6234.11
2019-04-18,47.33,49.69,33.65,33.85,6202.84
2019-04-19,47.05,48.89,33.53,33.57,6255.25
2019-04-22,47.23,49.51,33.72,34.11,6192.14
2019-04-23,47.39,49.24,33.39,33.62,6078.27
2019-04-24,46.26,48.33,32.51,33.06,6153.39
2019-04-25,46.59,48.31,32.92,33.55,5899.91
2019-04-26,46.21,46.75,31.87,32.1,5834.38
2019-04-29,45.71,46.02,31.78,31.81,5622.48
2019-04-30,45.11,44.0,31.49,30.44,5682.24
2019-05-07,45.78,43.02,30.37,29.11,5312.5
2019-05-09,45.95,42.61,30.36,28.93,5237.82
2019-05-09,45.95,42.61,30.36,28.93,5237.82
2019-05-09,45.95,42.61,30.36,28.93,5237.82
2019-05-10,45.94,43.03,31.11,29.76,5445.53
2019-05-13,46.0,43.38,30.98,29.63,5405.61
2019-05-15,46.44,43.42,31.34,29.98,5486.39
2019-05-16,46.25,43.74,31.34,30.21,5527.28
2019-05-17,46.36,42.54,30.36,29.23,5330.99
2019-05-20,46.03,42.79,30.27,29.11,5313.15
2019-05-21,46.65,43.35,30.86,29.52,5418.05
2019-05-22,46.45,43.2,30.7,29.37,5395.43
2019-05-23,46.01,42.57,30.07,28.71,5267.83
2019-05-26,45.58,42.55,29.65,28.66,5200.77
2019-05-27,45.53,43.89,30.35,29.4,5354.63
2019-05-28,45.62,43.64,30.51,29.34,5354.53
2019-05-29,45.85,43.25,30.68,29.36,5376.51
2019-05-30,46.16,43.27,30.71,29.24,5341.98
2019-06-02,45.77,43.18,30.61,29.23,5334.25
2019-06-03,45.87,43.37,30.45,28.9,5255.07
2019-06-04,45.63,42.88,29.85,28.62,5160.98
2019-06-05,45.94,42.61,29.92,28.8,5158.47
2019-06-09,44.68,42.32,29.09,27.86,5030.8
2019-06-10,45.12,42.36,29.63,28.01,5098.94
2019-06-11,45.44,43.4,30.62,29.01,5289.62
2019-06-12,45.82,42.96,30.63,28.97,5264.89
2019-06-13,45.57,43.26,30.45,29.09,5294.11
2019-06-16,43.55,42.22,29.24,28.4,5173.07
2019-06-17,44.06,42.76,29.3,28.44,5160.67
2019-06-18,44.35,42.78,29.22,28.3,5160.88
2019-06-19,44.71,43.09,29.64,28.83,5234.28
2019-06-20,44.77,43.44,29.88,29.27,5317.31
2019-06-23,45.26,43.61,30.52,29.59,5406.04
2019-06-24,44.93,43.61,30.47,29.73,5403.8
2019-06-25,45.03,43.69,30.18,29.43,5351.69
2019-06-26,45.05,44.0,30.36,29.35,5351.39
2019-06-27,45.09,44.28,30.41,29.72,5397.57
2019-06-30,44.97,43.64,30.1,29.08,5321.43
2019-07-01,46.0,44.4,31.37,29.99,5481.41
2019-07-02,45.7,44.41,31.1,30.23,5483.52
2019-07-03,45.49,43.95,30.61,29.85,5428.51
2019-07-04,44.95,43.43,30.58,29.85,5404.38
2019-07-07,45.39,43.56,30.75,29.67,5424.25
2019-07-08,44.37,42.89,29.76,29.14,5244.27
2019-07-09,45.12,42.71,29.85,29.05,5260.34
2019-07-10,45.03,42.36,29.64,28.85,5214.64
2019-07-11,44.96,42.28,29.81,28.94,5206.4
2019-07-14,45.0,42.91,29.94,29.12,5219.19
2019-07-15,44.61,42.47,30.12,29.21,5273.81
2019-07-16,44.78,42.62,30.12,29.14,5285.23
2019-07-17,45.12,42.65,30.07,29.3,5289.42
2019-07-18,45.16,41.85,29.78,28.83,5194.6
2019-07-21,44.53,42.33,29.94,28.75,5220.03
2019-07-22,43.94,41.0,29.08,27.92,5073.33
2019-07-23,44.2,41.5,29.4,28.15,5131.1
2019-07-24,44.22,42.37,29.77,28.7,5194.83
2019-07-25,44.38,41.89,29.9,28.8,5211.09
2019-07-28,44.71,41.94,29.69,28.77,5216.6
2019-07-29,44.71,42.47,29.9,29.12,5218.98
2019-07-30,44.87,42.81,29.94,29.06,5239.72
2019-07-31,44.84,42.47,29.87,28.67,5200.09
2019-08-01,44.87,41.67,29.7,28.5,5173.23
2019-08-04,44.66,41.56,29.05,27.97,5091.06
2019-08-05,44.21,41.3,28.87,27.79,5032.64
2019-08-06,42.95,41.0,28.0,27.39,4899.82
2019-08-07,43.12,41.17,28.2,27.06,4885.44
2019-08-08,43.17,41.17,28.19,27.27,4923.33
2019-08-11,42.95,40.6,27.98,27.08,4869.79
2019-08-12,43.4,40.94,28.4,27.6,4952.22
2019-08-13,43.18,40.87,28.2,27.34,4928.46
2019-08-14,43.48,41.12,28.33,27.67,4961.75
2019-08-15,43.98,41.34,28.55,27.44,4985.42
2019-08-18,43.62,41.15,28.63,27.4,5013.58
2019-08-19,44.79,41.92,29.69,28.18,5173.18
2019-08-20,44.67,41.63,29.55,28.28,5185.27
2019-08-21,44.73,41.15,29.44,28.07,5186.62
2019-08-22,44.77,41.4,29.57,28.3,5208.55
2019-08-25,44.62,41.52,29.31,28.32,5197.55
2019-08-26,44.3,41.5,29.25,28.05,5168.68
2019-08-27,45.15,42.62,29.98,28.84,5266.66
2019-08-28,45.12,42.92,29.65,28.91,5256.18
2019-08-29,45.15,43.44,29.94,29.12,5260.95
2019-09-01,44.7,43.32,29.25,28.68,5182.96
2019-09-02,45.61,43.67,29.97,29.84,5317.53
2019-09-03,45.67,44.01,30.0,30.19,5357.06
2019-09-04,46.06,43.74,30.08,30.49,5394.71
2019-09-05,45.71,44.22,30.49,30.72,5445.57
2019-09-08,45.7,44.52,30.68,30.84,5468.46
2019-09-09,46.35,45.07,31.44,31.56,5602.24
2019-09-10,46.78,45.56,31.57,31.47,5614.58
2019-09-11,46.92,45.47,31.38,31.23,5566.41
2019-09-15,46.88,45.73,31.44,31.46,5592.92
2019-09-16,46.68,46.03,31.44,31.42,5627.24
2019-09-17,46.33,44.86,30.64,30.45,5492.22
2019-09-18,46.66,44.92,30.71,30.39,5485.88
2019-09-19,46.91,45.16,31.09,30.72,5550.41
2019-09-22,46.94,45.16,31.18,30.77,5556.48
2019-09-23,47.07,45.1,31.12,30.63,5501.21
2019-09-24,46.74,45.0,31.15,30.63,5528.89
2019-09-25,46.88,44.69,30.59,30.25,5421.62
2019-09-26,45.33,43.26,29.74,29.45,5244.08
2019-09-29,45.78,43.36,30.17,29.55,5291.44
2019-10-07,45.18,43.07,29.76,29.38,5232.39
2019-10-08,45.15,43.33,29.61,29.69,5237.18
2019-10-09,45.61,43.73,29.9,29.75,5285.15
2019-10-10,46.32,44.31,30.32,29.95,5366.93
2019-10-13,46.4,43.74,30.31,29.82,5370.65
2019-10-14,46.35,44.51,30.78,30.32,5455.61
2019-10-15,46.17,44.36,30.41,29.74,5375.53
2019-10-16,45.95,44.16,30.36,29.95,5353.02
2019-10-17,45.94,44.11,30.47,29.66,5347.27
2019-10-20,45.6,43.77,29.88,29.54,5280.53
2019-10-21,45.33,43.82,29.56,29.36,5247.3
2019-10-22,46.01,44.7,29.85,29.61,5312.46
2019-10-23,45.37,44.47,29.62,29.49,5269.72
2019-10-24,45.26,44.26,29.6,29.15,5259.45
2019-10-27,45.59,44.93,29.82,29.31,5300.09
2019-10-28,46.49,45.23,30.26,29.81,5425.75
2019-10-29,45.58,44.69,30.14,29.05,5366.75
2019-10-30,45.35,43.05,30.03,28.34,5313.42
2019-10-31,45.32,42.59,29.71,28.19,5253.88
2019-11-03,45.73,42.97,29.96,28.7,5303.99
2019-11-04,45.97,43.2,29.93,28.97,5337.08
2019-11-05,46.07,43.27,29.89,28.97,5352.06
2019-11-06,45.6,43.27,29.57,28.97,5304.84
2019-11-07,45.63,43.44,29.78,28.94,5340.17
2019-11-10,45.57,42.78,29.95,28.67,5321.78
2019-11-11,44.91,41.96,29.12,28.12,5183.57
2019-11-12,45.04,42.36,29.23,28.12,5196.72
2019-11-13,44.83,42.16,29.03,28.06,5181.49
2019-11-14,44.87,42.48,29.13,28.24,5216.64
2019-11-17,44.63,42.3,28.65,27.91,5152.56
2019-11-18,44.74,42.65,28.81,27.88,5189.35
2019-11-19,45.57,43.12,29.24,28.2,5286.15
2019-11-20,45.31,42.85,28.99,28.06,5259.47
2019-11-21,45.28,42.47,29.18,28.16,5250.67
2019-11-24,44.65,42.54,28.74,27.72,5181.11
2019-11-25,45.0,42.05,28.78,27.53,5151.37
2019-11-26,44.95,42.31,28.88,27.81,5147.73
2019-11-27,44.71,42.36,28.86,27.73,5145.97
2019-11-28,44.9,42.28,28.82,27.74,5131.13
2019-11-29,44.62,42.0,28.71,27.85,5126.61
2019-12-02,44.45,42.14,28.82,27.91,5137.78
2019-12-03,44.78,42.14,28.99,27.89,5171.36
2019-12-04,45.14,42.0,29.08,27.81,5179.69
2019-12-05,45.69,42.52,29.3,27.96,5238.13
2019-12-08,46.05,42.86,29.52,28.29,5275.51
2019-12-09,45.92,43.02,29.39,28.34,5294.28
2019-12-10,45.65,43.33,29.47,28.21,5326.36
2019-12-11,45.45,43.16,29.36,28.33,5304.88
2019-12-12,45.5,42.87,29.47,28.16,5304.42
2019-12-15,46.08,43.43,29.6,28.79,5375.98
2019-12-16,46.98,44.28,30.27,29.17,5476.99
2019-12-17,47.39,44.68,31.88,29.87,5545.62
2019-12-18,47.9,44.88,31.76,29.81,5543.79
2019-12-19,47.64,45.19,31.76,29.71,5568.11
2019-12-22,47.6,44.57,31.38,29.68,5501.16
2019-12-23,47.0,43.74,30.86,29.12,5377.09
2019-12-24,47.8,44.18,31.26,29.58,5471.74
2019-12-25,47.54,44.48,31.54,29.65,5504.42
2019-12-26,47.86,44.83,32.02,30.03,5543.66
2019-12-29,48.03,44.73,31.68,29.7,5498.93
2019-12-30,48.3,45.01,31.73,29.78,5530.0
2020-01-01,48.54,44.99,31.92,29.79,5567.03
2020-01-02,49.01,45.63,32.47,30.5,5676.56
2020-01-05,49.61,46.24,33.02,31.04,5706.04
2020-01-06,49.53,46.74,33.25,31.26,5764.73
2020-01-07,50.01,46.85,33.56,31.64,5852.36
2020-01-08,49.59,46.94,32.78,31.2,5772.47
2020-01-09,49.84,47.41,33.45,31.95,5864.18
2020-01-12,49.67,47.19,33.13,32.19,5851.89
2020-01-13,50.31,47.78,33.48,32.85,5926.72
2020-01-14,50.45,47.63,33.59,32.69,5914.11
2020-01-15,50.14,47.58,33.53,32.55,5913.52
2020-01-16,50.63,47.52,33.65,32.39,5902.13
2020-01-19,50.13,47.33,33.18,32.21,5879.41
2020-01-20,50.81,47.62,33.3,32.54,5954.87
2020-01-21,51.21,47.12,33.34,32.12,5901.86
2020-01-22,51.19,47.32,33.06,31.95,5919.59
2020-02-02,49.44,46.47,31.84,30.86,5699.01
2020-02-03,46.36,42.97,29.24,28.31,5200.16
2020-02-04,46.01,43.52,30.0,28.09,5212.1
2020-02-05,47.23,44.39,30.4,28.64,5348.34
2020-02-06,48.72,45.49,31.46,29.82,5515.64
2020-02-09,49.44,46.12,32.34,30.39,5583.6
2020-02-10,50.13,46.42,32.4,30.78,5661.56
2020-02-11,49.89,46.11,32.07,30.56,5623.26
2020-02-12,49.88,47.17,32.94,31.19,5754.26
2020-02-13,49.53,46.52,32.25,30.89,5707.53
2020-02-16,49.13,46.7,32.65,31.03,5727.83
2020-02-17,50.69,48.18,33.79,32.02,5936.48
2020-02-18,51.16,49.04,33.82,32.83,6072.19
2020-02-19,50.55,48.23,33.66,32.58,6018.05
2020-02-20,51.42,48.92,33.76,33.06,6134.39
2020-02-21,51.78,49.43,34.04,33.16,6243.48
2020-02-23,51.78,49.43,34.04,33.16,6243.48
2020-02-24,52.07,50.25,34.6,33.72,6380.41
2020-02-25,52.2,50.87,35.36,34.51,6407.14
2020-02-26,51.45,49.4,34.19,33.17,6221.84
2020-02-27,51.37,49.71,34.83,33.52,6232.09
2020-03-01,49.17,48.48,33.04,32.5,5870.97
2020-03-02,50.79,49.88,33.47,33.13,6113.41
2020-03-03,50.31,49.9,33.73,33.57,6195.89
2020-03-04,50.9,50.49,33.81,33.48,6226.53
2020-03-05,51.7,51.01,34.62,33.78,6315.83
2020-03-08,51.62,50.79,34.06,33.52,6296.74
2020-03-09,50.14,48.76,33.09,32.01,6049.62
2020-03-10,51.17,50.04,33.68,33.29,6206.41
2020-03-11,49.98,49.07,33.13,32.59,6122.91
2020-03-12,49.87,49.07,32.35,32.22,5999.64
2020-03-15,49.71,48.56,32.44,31.84,5945.46
2020-03-16,47.9,46.56,31.32,30.44,5657.77
2020-03-17,47.55,46.85,31.14,30.38,5642.92
2020-03-18,47.41,46.38,30.76,29.58,5556.11
2020-03-19,47.43,46.68,30.97,30.16,5617.19
2020-03-22,47.74,47.17,31.17,30.25,5670.47
2020-03-23,46.48,45.44,29.85,29.49,5416.57
2020-03-24,47.29,46.01,30.08,29.86,5517.26
2020-03-25,47.76,46.72,30.46,30.17,5646.63
2020-03-26,47.23,46.84,30.81,30.43,5595.43
2020-03-27,46.82,46.46,30.58,30.56,5553.61
2020-03-30,46.17,45.48,30.16,30.28,5415.41
2020-03-31,46.52,46.11,30.21,30.21,5427.13
2020-04-01,46.09,45.93,29.86,29.95,5403.3
2020-04-02,47.2,47.09,30.08,30.25,5538.6
2020-04-06,46.59,46.77,29.77,30.22,5507.12
2020-04-07,47.69,47.57,30.74,30.98,5695.17
2020-04-08,48.29,47.82,31.09,31.07,5718.13
2020-04-09,48.65,48.41,31.61,31.48,5789.26
2020-04-12,47.17,47.17,30.85,30.75,5637.53
2020-04-13,47.08,47.08,30.46,30.25,5578.86
2020-04-14,47.72,47.76,31.23,31.07,5692.0
2020-04-15,47.83,48.55,30.67,30.64,5657.95
2020-04-16,48.44,48.86,30.74,30.57,5700.96
2020-04-19,48.72,49.1,30.86,30.77,5710.05
2020-04-20,49.27,49.66,31.4,30.92,5803.4
2020-04-21,48.94,49.97,30.98,30.97,5773.01
2020-04-22,48.62,50.23,31.55,31.96,5826.56
2020-04-23,48.37,50.21,31.62,32.18,5789.48
2020-04-26,47.53,48.86,30.82,31.67,5675.51
2020-04-27,47.76,49.35,31.67,32.4,5645.66
2020-04-28,46.95,49.02,30.95,32.38,5561.2
2020-04-29,46.48,47.97,30.35,31.57,5547.63
2020-05-05,48.43,49.64,31.82,32.97,5678.17
2020-05-06,49.51,50.77,32.44,33.5,5802.42
2020-05-07,49.5,50.48,32.57,33.91,5795.87
2020-05-10,50.07,50.79,32.88,34.14,5862.77
2020-05-11,49.72,50.71,32.74,33.79,5851.8
2020-05-12,49.48,50.88,32.89,34.24,5869.51
2020-05-13,50.14,51.26,33.3,35.09,5917.03
2020-05-14,49.52,50.97,32.57,34.29,5863.24
2020-05-17,49.88,51.32,33.14,34.18,5889.98
2020-05-18,49.39,51.03,32.95,34.05,5860.04
2020-05-19,50.04,51.69,33.25,34.55,5936.6
2020-05-20,50.03,51.1,32.91,34.35,5865.84
2020-05-21,49.65,50.43,32.29,33.93,5791.64
2020-05-24,48.78,49.47,31.69,32.89,5684.0
2020-05-25,48.59,49.02,31.56,32.44,5671.97
2020-05-26,49.75,50.23,32.51,33.38,5808.55
2020-05-27,49.72,50.2,32.08,33.39,5772.08
2020-05-28,48.77,49.83,31.93,33.2,5758.93
2020-05-31,49.23,50.69,32.1,33.64,5816.4
2020-06-01,50.72,51.92,33.35,34.56,5993.79
2020-06-02,50.86,51.72,33.52,34.25,6002.84
2020-06-03,50.76,51.94,33.41,34.77,5994.64
2020-06-04,50.82,52.32,33.32,34.51,6006.76
2020-06-07,50.63,51.67,33.42,34.41,6015.33
2020-06-08,50.48,51.79,33.45,34.8,6001.43
2020-06-09,50.51,52.13,33.5,35.09,6042.34
2020-06-10,50.45,52.08,33.39,34.78,6049.32
2020-06-11,50.61,51.96,33.21,34.32,6027.41
2020-06-14,51.91,54.26,34.73,36.17,6031.17
2020-06-15,52.06,54.43,34.82,36.33,6028.96
2020-06-16,53.04,55.15,35.57,37.33,6151.69
2020-06-17,53.22,55.32,35.89,37.29,6178.14
2020-06-18,52.46,55.13,35.56,37.23,6149.29
2020-06-21,52.58,54.83,35.43,37.33,6187.11
2020-06-22,52.94,54.92,36.1,37.69,6228.02
2020-06-23,53.23,55.32,36.06,37.62,6238.9
2020-06-28,53.35,55.09,36.41,38.03,6227.57
2020-06-29,52.93,55.22,35.82,37.97,6211.38
2020-06-30,53.93,55.36,36.31,37.87,6319.56
2020-07-01,54.05,55.48,36.39,37.78,6339.37
2020-07-02,54.69,55.87,37.37,38.3,6413.95
2020-07-05,55.23,56.15,37.38,38.39,6478.35
2020-07-06,56.86,57.41,38.43,39.7,6726.0
2020-07-07,57.13,58.21,38.76,40.35,6817.87
2020-07-08,57.94,59.33,39.24,40.8,6974.0
2020-07-09,59.15,60.15,40.1,41.89,7182.18
2020-07-12,58.82,60.04,40.1,41.82,7150.42
2020-07-13,59.87,61.72,41.32,43.51,7403.09
2020-07-14,59.09,60.81,41.62,42.56,7344.99
2020-07-15,58.95,60.12,39.82,41.56,7131.46
2020-07-16,56.39,57.49,38.34,39.47,6758.14
2020-07-19,57.37,57.77,38.85,39.86,6772.53
2020-07-20,57.93,58.51,40.16,41.38,7003.67
2020-07-21,58.02,59.48,40.27,41.39,7058.79
2020-07-22,58.03,59.09,40.11,41.35,7125.57
2020-07-23,58.08,58.93,40.54,41.56,7119.67
2020-07-26,56.48,57.43,38.81,39.73,6784.63
2020-07-27,56.75,57.36,38.39,39.82,6786.53
2020-07-28,56.86,57.8,38.83,39.97,6857.94
2020-07-29,57.9,59.08,39.62,41.18,7060.53
2020-07-30,57.59,58.44,39.1,40.57,7048.98
2020-08-02,58.03,59.26,39.41,41.42,7141.59
2020-08-03,59.38,60.6,41.23,42.18,7373.34
2020-08-04,59.29,60.09,41.12,42.33,7326.19
2020-08-05,60.08,60.81,41.99,42.7,7427.19
2020-08-06,60.17,60.83,42.01,42.79,7432.77
2020-08-09,59.6,59.53,41.76,41.91,7339.81
2020-08-10,59.21,59.63,42.0,42.09,7358.86
2020-08-11,58.76,58.95,41.34,41.25,7213.45
2020-08-12,57.69,58.2,40.79,40.33,7092.36
2020-08-13,57.57,58.01,40.58,40.54,7113.93
2020-08-16,58.34,58.7,41.25,41.36,7183.96
2020-08-19,58.86,59.07,42.37,41.81,7256.13
2020-08-20,58.13,58.92,41.5,41.18,7151.26
2020-08-23,58.69,59.0,42.05,40.98,7194.27
2020-08-24,59.14,60.0,42.37,41.43,7253.64
2020-08-25,58.23,59.73,42.55,41.29,7213.68
2020-08-26,57.99,58.52,41.72,40.15,7037.98
2020-08-27,58.61,58.59,41.99,40.29,7113.8
2020-08-30,58.38,59.64,42.22,40.27,7204.78
2020-08-31,59.1,58.65,42.75,40.74,7224.05
2020-09-01,59.07,59.28,42.63,41.11,7258.89
2020-09-02,59.65,59.54,42.94,41.45,7272.62
2020-09-03,58.73,59.11,42.35,40.54,7189.86
2020-09-06,58.76,59.14,42.65,40.78,7182.11
2020-09-07,57.66,58.23,42.06,39.8,7057.19
2020-09-08,58.44,57.78,42.31,40.2,7103.09
2020-09-09,57.34,56.04,40.76,39.02,6877.6
2020-09-10,54.87,54.34,39.15,37.6,6633.89
2020-09-13,56.31,55.45,40.41,38.12,6742.06
2020-09-14,56.76,56.09,40.59,38.73,6848.36
2020-09-15,56.93,56.58,40.64,38.84,6881.59
2020-09-16,56.29,55.61,40.41,38.2,6812.91
2020-09-17,56.76,55.8,40.41,38.58,6825.15
2020-09-20,57.02,56.65,41.01,39.05,6929.77
2020-09-21,57.04,56.57,40.64,39.05,6927.19
2020-09-22,56.42,55.34,40.24,38.47,6815.78
2020-09-23,57.13,56.09,40.55,38.79,6862.97
2020-09-24,55.81,54.9,39.77,37.93,6675.15
2020-09-27,55.5,54.54,39.18,37.83,6634.39
2020-09-28,54.76,53.74,38.66,37.71,6550.37
2020-09-29,55.36,54.66,39.02,37.96,6621.03
2020-10-08,55.25,54.83,39.01,37.7,6617.16
2020-10-11,56.93,55.92,40.21,38.69,6822.36
2020-10-12,58.24,57.38,41.25,39.65,7036.28
2020-10-13,58.04,57.36,41.14,39.57,7053.87
2020-10-14,57.73,57.11,40.7,39.34,6988.61
2020-10-15,57.17,56.94,40.48,39.02,6926.85
2020-10-18,57.02,56.7,39.78,39.15,6906.39
2020-10-19,56.73,56.62,39.78,39.08,6858.36
2020-10-20,57.12,57.37,40.37,39.5,6923.38
2020-10-21,56.01,56.81,39.49,38.93,6815.09
2020-10-22,55.98,56.42,39.39,38.52,6771.81
2020-10-25,55.21,54.61,38.96,38.3,6641.33
2020-10-26,55.19,54.85,38.49,37.94,6648.52
2020-10-27,55.17,53.65,38.53,37.2,6682.54
2020-10-28,55.49,54.57,38.72,36.8,6685.43
2020-10-29,55.01,54.09,38.66,35.82,6674.74
2020-11-01,55.71,52.03,37.89,34.75,6511.16
2020-11-02,55.07,50.89,37.87,34.27,6513.79
2020-11-03,55.71,52.05,38.26,34.9,6647.58
2020-11-04,55.25,51.94,38.17,34.78,6632.68
2020-11-05,55.71,52.58,38.87,35.41,6754.95
2020-11-08,55.45,52.39,38.22,35.25,6688.66
2020-11-09,56.85,53.08,39.16,35.6,6851.98
2020-11-10,56.28,52.86,39.23,35.44,6779.49
2020-11-11,55.81,51.85,38.59,35.05,6663.73
2020-11-12,56.17,52.2,38.96,35.12,6676.42
2020-11-15,56.0,52.33,38.94,35.4,6686.39
2020-11-16,56.13,52.67,39.09,35.49,6747.81
2020-11-17,55.02,52.12,38.77,35.4,6681.72
2020-11-18,55.01,52.15,38.81,35.5,6682.12
2020-11-19,55.81,52.43,39.25,35.72,6718.46
2020-11-22,55.64,52.72,39.35,36.51,6766.06
2020-11-23,55.7,53.09,39.41,36.14,6807.72
2020-11-24,56.02,53.17,39.36,36.57,6808.0
2020-11-25,55.57,52.76,38.73,35.76,6691.87
2020-11-26,55.19,52.51,38.58,35.58,6643.18
2020-11-29,55.17,52.49,38.43,35.66,6641.77
2020-11-30,55.05,52.56,38.6,35.59,6622.36
2020-12-01,55.78,52.64,39.01,35.97,6713.23
2020-12-02,55.98,52.54,38.92,36.07,6735.71
2020-12-03,55.85,52.65,38.97,35.74,6711.84
2020-12-06,55.79,52.89,38.99,35.86,6746.63
2020-12-07,56.25,52.85,39.04,35.82,6733.0
2020-12-08,55.96,53.17,39.24,35.75,6734.37
2020-12-09,54.96,52.13,37.99,34.9,6602.52
2020-12-10,55.49,52.43,38.24,34.87,6605.19
2020-12-13,55.9,51.77,38.2,35.04,6498.24
2020-12-14,56.45,52.08,38.53,35.69,6576.82
2020-12-14,56.45,52.08,38.53,35.69,6596.5
2020-12-16,55.71,51.26,38.72,35.45,6543.36
2020-12-17,56.18,51.36,38.88,35.69,6597.86
2020-12-20,55.98,51.09,38.48,35.42,6573.4
2020-12-21,56.55,51.93,38.81,35.6,6691.59
2020-12-22,55.99,50.81,37.9,34.87,6549.97
2020-12-23,55.79,50.88,37.82,35.32,6601.24
2020-12-24,54.93,50.17,36.79,34.88,6496.33
2020-12-27,55.35,50.77,37.03,35.08,6561.27
2020-12-28,54.98,50.26,36.14,34.73,6519.47
2020-12-29,54.78,49.9,36.34,34.5,6477.26
2020-12-30,55.2,49.94,37.15,34.7,6526.88
2021-01-03,56.18,51.17,37.74,35.27,6646.47
2021-01-04,56.87,52.05,38.31,36.48,6798.76
2021-01-05,56.92,52.16,38.11,36.46,6807.45
2021-01-06,56.37,51.71,37.68,35.59,6724.95
2021-01-07,55.65,50.22,37.01,34.67,6616.55
2021-01-08,55.14,49.67,37.04,34.44,6585.36
2021-01-11,54.77,49.13,36.69,33.91,6475.95
2021-01-12,54.87,49.71,37.15,33.95,6564.74
2021-01-13,54.25,49.42,36.5,33.63,6513.64
2021-01-14,54.64,49.28,36.7,33.94,6506.83
2021-01-17,54.37,49.57,36.86,34.03,6528.46
2021-01-18,54.51,50.53,37.5,34.45,6652.1
2021-01-19,54.54,50.35,37.18,34.17,6614.07
2021-01-20,54.66,50.13,37.6,34.29,6671.45
2021-01-21,55.18,50.19,37.4,34.35,6745.11
2021-01-24,54.59,50.04,36.89,33.89,6721.92
2021-01-25,54.47,49.81,36.19,33.7,6657.27
2021-01-26,53.18,49.61,35.74,33.04,6534.1
2021-01-27,52.88,49.31,35.76,32.8,6537.75
2021-01-28,52.45,48.65,35.65,32.58,6399.13
2021-01-31,51.67,47.89,35.33,32.09,6304.12
2021-02-01,51.64,47.81,35.27,32.48,6345.81
2021-02-02,52.12,48.33,35.6,32.56,6417.46
2021-02-03,51.26,47.9,34.83,31.97,6307.39
2021-02-04,50.25,46.87,34.25,31.27,6167.75
2021-02-07,50.14,46.16,33.47,30.63,6045.3
2021-02-08,49.78,46.33,33.44,30.54,6088.82
2021-02-09,50.95,47.3,34.01,31.41,6254.01
2021-02-17,51.17,47.71,34.98,31.61,6303.31
2021-02-18,52.19,48.62,35.33,32.9,6404.59
2021-02-21,52.17,48.71,36.42,33.2,6527.65
2021-02-22,52.6,48.88,36.8,33.39,6534.57
2021-02-23,52.62,48.8,36.38,33.32,6489.96
2021-02-24,52.08,48.59,36.28,33.17,6437.84
2021-02-25,52.18,48.2,35.9,33.17,6399.35
2021-02-28,51.81,47.88,35.95,32.88,6325.4
2021-03-01,52.39,48.91,36.76,33.62,6495.16
2021-03-02,52.26,48.64,36.28,33.55,6466.63
2021-03-03,52.89,49.05,36.58,34.02,6553.6
2021-03-04,52.43,48.29,35.95,33.61,6434.89
2021-03-07,52.35,48.61,36.53,33.63,6456.28
2021-03-08,51.28,47.59,35.96,33.15,6327.65
2021-03-09,50.04,46.97,34.49,32.36,6126.28
2021-03-10,49.36,46.38,34.22,32.02,6078.24
2021-03-11,49.9,46.83,34.59,32.21,6219.66
2021-03-14,49.7,46.67,34.33,32.36,6220.48
2021-03-15,49.29,46.35,34.04,32.19,6177.74
2021-03-16,50.01,46.72,34.44,32.64,6233.46
2021-03-17,50.49,46.79,34.86,33.13,6277.58
2021-03-18,50.71,47.14,34.82,33.07,6298.89
2021-03-21,50.39,46.9,34.65,32.82,6250.81
2021-03-22,51.23,47.54,35.07,33.51,6359.6
2021-03-23,50.93,47.05,34.68,33.31,6289.0
2021-03-24,50.41,46.23,34.29,32.88,6196.27
2021-03-25,50.24,46.47,33.91,33.01,6190.71
2021-03-28,50.51,47.14,34.62,33.35,6301.34
2021-03-29,50.21,46.93,34.67,33.18,6326.61
2021-03-30,49.45,46.29,33.87,32.74,6301.58
2021-03-31,49.1,46.18,33.7,32.73,6293.39
2021-04-01,49.54,46.69,33.62,32.72,6335.79
2021-04-05,49.43,46.77,33.48,32.79,6361.25
2021-04-06,49.79,47.2,33.99,32.89,6421.49
2021-04-07,49.86,47.48,33.82,32.96,6422.76
2021-04-08,49.6,47.29,33.46,32.57,6404.13
2021-04-11,50.1,47.62,33.73,32.46,6399.52
2021-04-12,49.85,47.35,33.13,31.76,6263.4
2021-04-13,49.16,46.88,32.66,31.46,6231.14
2021-04-14,49.62,47.03,33.16,31.64,6320.07
2021-04-15,49.15,47.77,32.56,31.71,6296.61
2021-04-18,49.88,48.46,32.95,31.89,6368.85
2021-04-18,49.88,48.46,32.95,31.89,6368.85
2021-04-19,50.1,48.99,33.19,32.21,6477.39
2021-04-20,49.37,48.76,32.99,32.15,6457.63
2021-04-21,49.33,48.24,33.25,32.02,6457.71
2021-04-22,49.11,48.38,32.82,32.09,6485.21
